日時,始値(BID),高値(BID),安値(BID),終値(BID),始値(ASK),高値(ASK),安値(ASK),終値(ASK)
202008280700,1928.8,1930.8,1928.8,1930.4,1930.3,1931.8,1930.3,1931.4
202008280701,1930.4,1931.2,1930.2,1930.4,1931.3,1931.9,1931.1,1931.1
202008280702,1930.5,1930.9,1929.7,1929.7,1931.2,1931.5,1930.4,1930.4
202008280703,1929.7,1930.2,1929.6,1929.8,1930.4,1930.9,1930.4,1930.6
202008280704,1929.8,1929.8,1929.4,1929.8,1930.6,1930.6,1930.2,1930.4
202008280705,1929.8,1929.8,1929.4,1929.4,1930.4,1930.5,1930,1930.1
202008280706,1929.4,1929.4,1928.6,1928.8,1930.1,1930.2,1929.3,1929.5
202008280707,1928.8,1929,1928.7,1928.7,1929.6,1929.8,1929.5,1929.5
202008280708,1928.7,1928.9,1928.3,1928.4,1929.5,1929.7,1928.8,1929
202008280709,1928.4,1928.7,1928.4,1928.7,1928.9,1929.3,1928.9,1929.3
202008280710,1928.7,1928.7,1928.4,1928.4,1929.3,1929.4,1929.1,1929.1
202008280711,1928.5,1929.2,1928.5,1928.6,1929.2,1929.9,1929.1,1929.4
202008280712,1928.6,1928.8,1928.6,1928.8,1929.4,1929.5,1929.4,1929.5
202008280713,1928.9,1929.4,1928.9,1929.2,1929.6,1930.1,1929.5,1929.9
202008280714,1929.2,1929.4,1928.7,1928.8,1929.8,1930.2,1929.5,1929.5
202008280715,1928.8,1928.8,1928.5,1928.6,1929.5,1929.5,1929.2,1929.3
202008280716,1928.6,1928.6,1928.3,1928.5,1929.3,1929.3,1929,1929.2
202008280717,1928.4,1928.7,1928.4,1928.6,1929.2,1929.5,1929.1,1929.3
202008280718,1928.6,1928.6,1927.7,1928,1929.3,1929.3,1928.2,1928.8
202008280719,1928,1928,1927.8,1927.9,1928.7,1928.7,1928.5,1928.5
202008280720,1927.9,1928,1927.9,1928,1928.5,1928.6,1928.4,1928.5
202008280721,1928,1928.1,1927.9,1928,1928.5,1928.6,1928.3,1928.5
202008280722,1928,1928.1,1928,1928.1,1928.4,1928.7,1928.4,1928.7
202008280723,1928.1,1928.6,1928,1928.6,1928.7,1929,1928.5,1929
202008280724,1928.6,1928.6,1928.2,1928.2,1929,1929,1928.7,1928.7
202008280725,1928.1,1928.2,1928,1928.1,1928.6,1928.8,1928.6,1928.7
202008280726,1928.1,1928.1,1928,1928,1928.7,1928.7,1928.6,1928.6
202008280727,1928,1928,1927.7,1927.8,1928.6,1928.6,1928.2,1928.4
202008280728,1927.8,1928.1,1927.8,1927.9,1928.4,1928.6,1928.4,1928.5
202008280729,1927.9,1928.1,1927.9,1927.9,1928.5,1928.7,1928.5,1928.6
202008280730,1927.9,1928.1,1927.9,1928,1928.6,1928.7,1928.5,1928.6
202008280731,1928,1928.1,1928,1928,1928.6,1928.8,1928.6,1928.6
202008280732,1928,1928,1927.9,1928,1928.6,1928.7,1928.6,1928.6
202008280733,1928,1928.2,1927.9,1927.9,1928.6,1928.9,1928.5,1928.5
202008280734,1927.9,1928.1,1927.8,1928.1,1928.5,1928.6,1928.4,1928.6
202008280735,1928.1,1928.2,1927.9,1928,1928.6,1928.8,1928.6,1928.7
202008280736,1928,1928.1,1927.8,1928.1,1928.7,1928.7,1928.5,1928.7
202008280737,1928.1,1928.5,1928.1,1928.5,1928.7,1929.1,1928.7,1929
202008280738,1928.5,1928.8,1928.4,1928.8,1929.1,1929.4,1929,1929.4
202008280739,1928.8,1929.3,1928.7,1929.3,1929.4,1929.9,1929.2,1929.9
202008280740,1929.3,1929.8,1929.3,1929.5,1929.9,1930.4,1929.9,1930.2
202008280741,1929.6,1929.7,1929.4,1929.5,1930.3,1930.3,1930.1,1930.1
202008280742,1929.5,1929.6,1929.4,1929.5,1930.1,1930.2,1930,1930.1
202008280743,1929.6,1930.3,1929.5,1930.1,1930.2,1930.9,1930,1930.7
202008280744,1930.1,1930.2,1929.8,1929.9,1930.7,1930.7,1930.3,1930.5
202008280745,1929.9,1929.9,1929.5,1929.7,1930.5,1930.5,1930,1930.2
202008280746,1929.7,1929.7,1929.3,1929.3,1930.3,1930.3,1929.8,1929.8
202008280747,1929.3,1929.3,1929,1929.1,1929.8,1929.8,1929.4,1929.6
202008280748,1929.1,1929.2,1929,1929,1929.6,1929.6,1929.4,1929.4
202008280749,1929,1929.1,1928.8,1929,1929.4,1929.5,1929.2,1929.4
202008280750,1929,1929,1928.6,1928.7,1929.4,1929.4,1929,1929.1
202008280751,1928.6,1928.8,1928.6,1928.8,1929,1929.2,1929,1929.2
202008280752,1928.7,1928.8,1928.2,1928.4,1929.2,1929.2,1928.6,1928.9
202008280753,1928.4,1928.4,1928.3,1928.3,1928.9,1928.9,1928.7,1928.7
202008280754,1928.3,1928.4,1928,1928.1,1928.7,1928.9,1928.4,1928.5
202008280755,1928.1,1928.2,1928,1928,1928.5,1928.6,1928.4,1928.4
202008280756,1928,1928,1927.7,1927.7,1928.4,1928.4,1928.1,1928.1
202008280757,1927.6,1927.6,1927,1927.3,1928,1928,1927.4,1927.8
202008280758,1927.3,1927.4,1927.1,1927.2,1927.8,1928,1927.5,1927.6
202008280759,1927.2,1927.3,1927.1,1927.2,1927.7,1927.7,1927.5,1927.6
202008280800,1927.2,1927.7,1927.2,1927.5,1927.6,1928.3,1927.6,1928.1
202008280801,1927.5,1928,1927.5,1928,1928.1,1928.6,1928.1,1928.5
202008280802,1928,1928,1927.7,1927.8,1928.6,1928.6,1928.2,1928.3
202008280803,1927.8,1928.3,1927.8,1928.2,1928.3,1928.9,1928.3,1928.7
202008280804,1928.2,1928.4,1928.2,1928.3,1928.7,1928.8,1928.7,1928.8
202008280805,1928.3,1928.7,1928.3,1928.6,1928.8,1929.1,1928.8,1929.1
202008280806,1928.6,1928.9,1928.6,1928.9,1929.1,1929.5,1929.1,1929.3
202008280807,1928.9,1928.9,1928.6,1928.6,1929.3,1929.3,1929,1929
202008280808,1928.6,1928.6,1928.3,1928.4,1929,1929,1928.7,1928.8
202008280809,1928.4,1928.5,1928.4,1928.4,1928.8,1928.9,1928.8,1928.9
202008280810,1928.4,1928.7,1928.4,1928.7,1928.9,1929.2,1928.9,1929.2
202008280811,1928.7,1928.7,1928.5,1928.5,1929.2,1929.2,1929,1929
202008280812,1928.5,1928.5,1928.4,1928.4,1929,1929,1928.8,1928.9
202008280813,1928.4,1928.7,1928.4,1928.5,1928.9,1929.2,1928.9,1929
202008280814,1928.5,1928.5,1928.4,1928.4,1929,1929,1928.8,1928.9
202008280815,1928.4,1928.5,1928.4,1928.4,1928.9,1929,1928.9,1929
202008280816,1928.4,1928.5,1928.4,1928.4,1929,1929.1,1928.9,1929.1
202008280817,1928.4,1928.6,1928.4,1928.4,1929.1,1929.1,1929,1929
202008280818,1928.4,1928.4,1928.4,1928.4,1929,1929,1928.9,1929
202008280819,1928.4,1928.6,1928.4,1928.5,1929,1929,1928.9,1929
202008280820,1928.5,1928.6,1927.3,1927.3,1929,1929.1,1927.9,1928
202008280821,1927.4,1927.5,1927.2,1927.2,1927.9,1928,1927.6,1927.6
202008280822,1927.3,1927.3,1926.5,1926.9,1927.7,1927.9,1927,1927.4
202008280823,1926.9,1927,1926.8,1926.9,1927.4,1927.7,1927.4,1927.6
202008280824,1926.9,1927.1,1926.8,1926.8,1927.7,1927.8,1927.5,1927.5
202008280825,1926.9,1927,1926.8,1927,1927.4,1927.6,1927.4,1927.6
202008280826,1927,1927,1926.3,1926.3,1927.6,1927.6,1926.8,1926.9
202008280827,1926.3,1927.3,1926.3,1927.3,1926.9,1927.8,1926.9,1927.8
202008280828,1927.3,1927.3,1927,1927.2,1927.9,1927.9,1927.5,1927.8
202008280829,1927.2,1927.2,1927.1,1927.2,1927.8,1927.8,1927.7,1927.7
202008280830,1927.2,1927.4,1927.2,1927.3,1927.7,1928,1927.7,1927.9
202008280831,1927.3,1927.4,1927.3,1927.4,1927.9,1928,1927.8,1928
202008280832,1927.4,1927.7,1927.3,1927.6,1927.9,1928.3,1927.9,1928.2
202008280833,1927.6,1927.8,1927.6,1927.6,1928.2,1928.3,1928.2,1928.2
202008280834,1927.6,1928.1,1927.5,1928.1,1928.2,1928.6,1928.1,1928.6
202008280835,1928.1,1928.4,1928,1928.3,1928.6,1928.8,1928.6,1928.8
202008280836,1928.3,1928.3,1927.6,1927.7,1928.8,1928.8,1928,1928.1
202008280837,1927.7,1927.8,1927.6,1927.6,1928.1,1928.3,1928.1,1928.1
202008280838,1927.6,1928,1927.5,1928,1928.1,1928.5,1928,1928.5
202008280839,1928,1928.3,1928,1928.3,1928.5,1928.8,1928.5,1928.8
202008280840,1928.3,1928.3,1927.9,1927.9,1928.8,1928.8,1928.4,1928.5
202008280841,1928,1928.3,1927.7,1927.7,1928.5,1928.8,1928.1,1928.1
202008280842,1927.6,1927.7,1927.3,1927.5,1928,1928.1,1927.8,1927.9
202008280843,1927.4,1927.4,1927.1,1927.3,1927.8,1927.9,1927.5,1927.7
202008280844,1927.3,1927.3,1927.1,1927.2,1927.7,1927.7,1927.5,1927.6
202008280845,1927.2,1927.3,1926.9,1927,1927.6,1927.7,1927.3,1927.4
202008280846,1926.9,1926.9,1926.6,1926.7,1927.3,1927.3,1927,1927.1
202008280847,1926.7,1927.5,1926.4,1927.5,1927.1,1928,1926.8,1928
202008280848,1927.5,1928.4,1927.5,1928.1,1928,1928.8,1928,1928.5
202008280849,1928.1,1928.6,1927.8,1928.6,1928.5,1929.2,1928.3,1929.2
202008280850,1928.6,1929.3,1928.5,1929.2,1929.2,1929.7,1929.1,1929.6
202008280851,1929.2,1929.9,1928.8,1929,1929.6,1930.3,1929.3,1929.5
202008280852,1929,1929,1928.8,1928.8,1929.5,1929.5,1929.2,1929.2
202008280853,1928.9,1928.9,1928.7,1928.7,1929.3,1929.3,1929.1,1929.1
202008280854,1928.7,1928.7,1928,1928,1929.1,1929.1,1928.4,1928.4
202008280855,1928,1928.1,1927.9,1927.9,1928.4,1928.6,1928.3,1928.3
202008280856,1927.9,1927.9,1927.6,1927.8,1928.3,1928.4,1928,1928.4
202008280857,1927.8,1928.1,1927.8,1927.9,1928.4,1928.6,1928.3,1928.5
202008280858,1927.9,1928.1,1927.9,1928,1928.5,1928.7,1928.4,1928.4
202008280859,1927.9,1928.1,1927.8,1928,1928.4,1928.5,1928.3,1928.5
202008280900,1928,1928,1927.3,1927.5,1928.5,1928.5,1927.7,1927.9
202008280901,1927.4,1927.5,1926.5,1926.5,1927.9,1927.9,1926.9,1927
202008280902,1926.5,1926.6,1925.9,1926,1927,1927.2,1926.4,1926.5
202008280903,1925.6,1926.2,1925.2,1925.6,1926,1926.6,1925.7,1926
202008280904,1925.5,1925.6,1924.9,1925.6,1926,1926.2,1925.3,1926
202008280905,1925.6,1925.7,1924.8,1925.2,1926,1926.1,1925.2,1925.7
202008280906,1925.2,1926.4,1925.2,1925.5,1925.7,1926.8,1925.6,1925.9
202008280907,1925.5,1926,1925.5,1925.8,1926,1926.4,1925.9,1926.2
202008280908,1925.8,1925.9,1925.5,1925.5,1926.2,1926.3,1925.9,1925.9
202008280909,1925.5,1925.6,1923.7,1924.5,1925.9,1926,1924.3,1925.1
202008280910,1924.5,1924.5,1923.1,1923.4,1925.1,1925.1,1923.5,1924
202008280911,1923.4,1924.7,1923.4,1924.2,1924,1925.2,1924,1924.7
202008280912,1924.2,1924.8,1923.8,1924.8,1924.7,1925.3,1924.3,1925.3
202008280913,1924.8,1925.8,1924.7,1925.7,1925.3,1926.2,1925.2,1926.1
202008280914,1925.7,1925.7,1925.4,1925.6,1926.1,1926.1,1925.9,1926.1
202008280915,1925.6,1925.8,1925.3,1925.4,1926.1,1926.2,1925.7,1925.8
202008280916,1925.4,1926.2,1925.3,1926.2,1925.8,1926.6,1925.7,1926.6
202008280917,1926.2,1927,1926.2,1926.7,1926.6,1927.4,1926.6,1927.2
202008280918,1926.7,1927,1926.7,1927,1927.2,1927.4,1927.1,1927.4
202008280919,1927,1927.4,1926.7,1927,1927.4,1927.8,1927.2,1927.5
202008280920,1927,1927.3,1926.6,1926.8,1927.5,1927.8,1927.1,1927.2
202008280921,1926.8,1926.8,1926.6,1926.7,1927.3,1927.3,1927,1927.1
202008280922,1926.7,1928.3,1926.5,1928,1927.1,1928.7,1926.9,1928.5
202008280923,1928,1928,1927.2,1927.5,1928.5,1928.5,1927.6,1927.9
202008280924,1927.4,1927.4,1927.1,1927.4,1927.8,1927.8,1927.5,1927.8
202008280925,1927.4,1927.8,1927.1,1927.8,1927.8,1928.2,1927.5,1928.2
202008280926,1927.8,1928,1927.6,1927.6,1928.2,1928.4,1928,1928.1
202008280927,1927.6,1927.8,1927.4,1927.5,1928.1,1928.2,1927.8,1928
202008280928,1927.5,1927.6,1927.2,1927.4,1928,1928,1927.6,1927.8
202008280929,1927.4,1928.6,1927.4,1928.1,1927.9,1929.2,1927.8,1928.6
202008280930,1928.1,1928.1,1927.2,1927.6,1928.6,1928.6,1927.6,1928.1
202008280931,1927.6,1927.7,1926.6,1926.7,1928.1,1928.3,1927,1927.1
202008280932,1926.7,1927.4,1926.6,1927.2,1927.1,1927.9,1927,1927.7
202008280933,1927.2,1927.5,1926.9,1927,1927.7,1928,1927.4,1927.5
202008280934,1927,1927.1,1926.8,1926.9,1927.5,1927.7,1927.2,1927.5
202008280935,1926.9,1927,1926.5,1926.9,1927.5,1927.5,1926.9,1927.4
202008280936,1926.9,1927.1,1926.7,1926.8,1927.5,1927.6,1927.2,1927.3
202008280937,1926.8,1927,1926.7,1926.7,1927.3,1927.5,1927.2,1927.2
202008280938,1926.7,1926.9,1926.7,1926.9,1927.2,1927.4,1927.2,1927.4
202008280939,1926.9,1928.2,1926.7,1928.2,1927.4,1928.8,1927.2,1928.8
202008280940,1928.2,1929.1,1927.7,1928.5,1928.7,1929.7,1928.2,1929.1
202008280941,1928.5,1928.9,1927.2,1927.2,1929.1,1929.4,1927.6,1927.6
202008280942,1927.1,1927.5,1927.1,1927.5,1927.7,1928.1,1927.7,1928
202008280943,1927.5,1927.9,1927.4,1927.9,1928,1928.4,1928,1928.4
202008280944,1927.9,1927.9,1927.4,1927.6,1928.4,1928.4,1927.9,1928.1
202008280945,1927.6,1927.8,1927.6,1927.6,1928.1,1928.3,1928.1,1928.1
202008280946,1927.6,1927.7,1927.5,1927.5,1928.1,1928.2,1928,1928
202008280947,1927.5,1928.1,1927.5,1927.6,1928,1928.6,1928,1928.1
202008280948,1927.6,1927.7,1927.2,1927.3,1928.2,1928.2,1927.6,1927.7
202008280949,1927.3,1927.6,1927.3,1927.5,1927.7,1928,1927.7,1928
202008280950,1927.5,1927.7,1927.3,1927.7,1928,1928.2,1927.7,1928.2
202008280951,1927.7,1928.9,1927.7,1928.8,1928.2,1929.4,1928.2,1929.2
202008280952,1928.7,1928.7,1928.3,1928.5,1929.3,1929.3,1928.8,1929
202008280953,1928.5,1928.8,1928.5,1928.6,1929,1929.3,1929,1929.1
202008280954,1928.6,1930,1928.6,1929.5,1929,1930.6,1929,1930
202008280955,1929.5,1929.6,1929.1,1929.1,1930,1930.1,1929.6,1929.7
202008280956,1929.1,1929.5,1929.1,1929.3,1929.7,1929.9,1929.6,1929.7
202008280957,1929.3,1929.9,1929.3,1929.4,1929.7,1930.3,1929.7,1929.8
202008280958,1929.4,1929.5,1929.3,1929.4,1929.8,1929.9,1929.8,1929.8
202008280959,1929.3,1929.6,1929.2,1929.4,1929.8,1930,1929.6,1929.9
202008281000,1929.4,1931.1,1929.1,1930.8,1929.9,1931.7,1929.5,1931.3
202008281001,1930.7,1931.1,1930.5,1930.9,1931.2,1931.6,1930.9,1931.3
202008281002,1930.8,1930.9,1930.2,1930.3,1931.3,1931.4,1930.6,1930.7
202008281003,1930.3,1931.1,1930,1930.5,1930.7,1931.5,1930.4,1930.9
202008281004,1930.5,1930.8,1930,1930.1,1930.9,1931.2,1930.4,1930.5
202008281005,1930.1,1930.3,1929.9,1930,1930.5,1930.8,1930.3,1930.4
202008281006,1930,1930.2,1929.9,1930.1,1930.4,1930.6,1930.3,1930.5
202008281007,1930.1,1931.3,1930,1930.7,1930.5,1931.8,1930.4,1931.2
202008281008,1930.7,1930.7,1929.9,1930.1,1931.2,1931.2,1930.3,1930.5
202008281009,1930.1,1930.4,1929.9,1930.2,1930.5,1930.9,1930.3,1930.7
202008281010,1930.1,1930.4,1929.9,1929.9,1930.5,1930.9,1930.3,1930.3
202008281011,1929.8,1930.2,1929.8,1929.9,1930.2,1930.7,1930.2,1930.4
202008281012,1929.9,1930.1,1929.9,1930.1,1930.4,1930.6,1930.4,1930.6
202008281013,1930.1,1930.6,1930,1930.6,1930.6,1931.1,1930.4,1931
202008281014,1930.6,1931.3,1930.3,1931,1931,1931.7,1930.8,1931.5
202008281015,1931,1931,1930.3,1930.6,1931.5,1931.5,1930.8,1931.1
202008281016,1930.6,1930.6,1930.3,1930.5,1931.1,1931.1,1930.7,1930.9
202008281017,1930.5,1930.6,1930.2,1930.3,1930.9,1931,1930.6,1930.7
202008281018,1930.3,1930.7,1930.2,1930.6,1930.7,1931.1,1930.6,1931
202008281019,1930.6,1930.7,1929.8,1929.8,1931,1931.2,1930.2,1930.2
202008281020,1929.8,1930.1,1929.7,1929.8,1930.2,1930.6,1930.1,1930.2
202008281021,1929.8,1930,1929.2,1929.4,1930.2,1930.4,1929.6,1929.9
202008281022,1929.4,1930,1929.4,1929.4,1929.9,1930.5,1929.9,1929.9
202008281023,1929.4,1929.4,1929.2,1929.2,1929.9,1929.9,1929.6,1929.6
202008281024,1929.2,1930.2,1929.2,1930.2,1929.6,1930.6,1929.6,1930.6
202008281025,1930.2,1931.2,1930.1,1930.3,1930.6,1931.7,1930.6,1930.7
202008281026,1930.3,1930.3,1929.6,1929.9,1930.7,1930.7,1930,1930.4
202008281027,1929.9,1930,1929.7,1930,1930.4,1930.6,1930.1,1930.5
202008281028,1930,1930,1929.7,1929.7,1930.5,1930.5,1930.1,1930.1
202008281029,1929.7,1929.8,1929.5,1929.6,1930.1,1930.2,1929.9,1930
202008281030,1929.6,1929.7,1929.4,1929.6,1930,1930.2,1929.8,1930
202008281031,1929.6,1929.8,1929.4,1929.6,1930,1930.3,1929.8,1930
202008281032,1929.7,1929.7,1929.3,1929.3,1930.1,1930.1,1929.7,1929.7
202008281033,1929.3,1929.6,1929.3,1929.6,1929.7,1930,1929.7,1930
202008281034,1929.6,1929.6,1928.9,1928.9,1930,1930,1929.3,1929.3
202008281035,1928.9,1929.7,1928.8,1929.6,1929.3,1930.1,1929.2,1930.1
202008281036,1929.6,1929.7,1928.8,1929,1930.1,1930.2,1929.2,1929.4
202008281037,1929,1929.3,1928.9,1929.2,1929.4,1929.7,1929.3,1929.6
202008281038,1929.2,1929.7,1928.8,1929.7,1929.6,1930.2,1929.3,1930.2
202008281039,1929.5,1929.7,1929.2,1929.4,1930.1,1930.1,1929.7,1929.8
202008281040,1929.4,1929.4,1929,1929,1929.8,1929.8,1929.4,1929.4
202008281041,1929,1929.4,1929,1929.3,1929.4,1929.8,1929.4,1929.7
202008281042,1929.3,1930.4,1929.2,1930.3,1929.7,1930.8,1929.6,1930.7
202008281043,1930.4,1931,1930.3,1930.9,1930.8,1931.4,1930.7,1931.3
202008281044,1930.9,1932.3,1930.8,1932.3,1931.3,1932.7,1931.2,1932.7
202008281045,1932.3,1932.5,1931.5,1932,1932.7,1932.9,1931.9,1932.4
202008281046,1932,1935.1,1931.6,1934.9,1932.4,1935.6,1932,1935.4
202008281047,1934.9,1936,1934.8,1935.6,1935.4,1936.7,1935.4,1936
202008281048,1935.6,1935.7,1934,1934.5,1936,1936.1,1934.6,1935
202008281049,1934.5,1935.7,1934.4,1935.1,1935.1,1936.3,1934.9,1935.6
202008281050,1935,1936.4,1935,1936.3,1935.5,1937,1935.5,1936.9
202008281051,1936.3,1936.3,1934.9,1935.2,1936.9,1936.9,1935.4,1935.6
202008281052,1935.1,1935.6,1934.4,1934.7,1935.5,1936.1,1934.9,1935.1
202008281053,1934.7,1935.3,1934.4,1935.3,1935.2,1935.7,1934.8,1935.7
202008281054,1935.3,1935.5,1935,1935,1935.7,1935.9,1935.4,1935.4
202008281055,1935,1936,1935,1935.9,1935.4,1936.4,1935.4,1936.3
202008281056,1936,1936.1,1934.9,1934.9,1936.4,1936.5,1935.4,1935.4
202008281057,1934.9,1936.4,1934.8,1935.9,1935.4,1936.9,1935.3,1936.4
202008281058,1935.9,1936,1935.3,1935.5,1936.4,1936.5,1935.8,1936
202008281059,1935.5,1935.8,1935,1935.6,1936,1936.2,1935.5,1936
202008281100,1935.6,1936,1935.3,1935.4,1936,1936.5,1935.7,1935.9
202008281101,1935.4,1935.4,1935.1,1935.3,1935.8,1935.9,1935.5,1935.7
202008281102,1935.3,1935.3,1935,1935.1,1935.7,1935.7,1935.4,1935.5
202008281103,1935.1,1935.3,1934.5,1934.5,1935.5,1935.7,1935,1935
202008281104,1934.6,1935.1,1934.5,1935.1,1935,1935.5,1935,1935.5
202008281105,1935.1,1935.6,1934.9,1935.5,1935.5,1936,1935.3,1935.9
202008281106,1935.5,1936.1,1935.4,1935.8,1935.9,1936.5,1935.8,1936.2
202008281107,1935.9,1936.2,1935.8,1936.1,1936.3,1936.6,1936.2,1936.5
202008281108,1936.1,1937.9,1936.1,1937.6,1936.5,1938.3,1936.5,1938
202008281109,1937.5,1937.8,1936.4,1936.5,1937.9,1938.2,1936.8,1936.9
202008281110,1936.5,1936.7,1934.4,1934.7,1936.9,1937.1,1934.9,1935.1
202008281111,1934.7,1935.1,1934.6,1935,1935.1,1935.5,1935,1935.4
202008281112,1935,1935.2,1934.7,1934.7,1935.4,1935.6,1935.1,1935.1
202008281113,1934.7,1935.7,1934.7,1935.1,1935.1,1936.1,1935.1,1935.6
202008281114,1935.1,1935.4,1935,1935,1935.5,1935.8,1935.4,1935.4
202008281115,1935.1,1935.8,1935.1,1935.7,1935.5,1936.2,1935.5,1936.1
202008281116,1935.7,1935.9,1935.3,1935.3,1936.2,1936.4,1935.7,1935.8
202008281117,1935.3,1935.8,1935.2,1935.4,1935.8,1936.3,1935.7,1935.8
202008281118,1935.4,1935.5,1935,1935,1935.8,1935.9,1935.4,1935.4
202008281119,1935,1935.1,1934.6,1934.8,1935.4,1935.5,1935.1,1935.2
202008281120,1934.8,1935.2,1934.7,1935.2,1935.2,1935.6,1935.1,1935.6
202008281121,1935.2,1935.2,1934.4,1934.5,1935.6,1935.6,1934.8,1934.9
202008281122,1934.5,1934.5,1934.2,1934.3,1934.9,1934.9,1934.6,1934.7
202008281123,1934.2,1934.6,1934,1934.5,1934.6,1935,1934.4,1934.9
202008281124,1934.5,1934.5,1934,1934.3,1934.9,1934.9,1934.4,1934.7
202008281125,1934.3,1934.7,1934.1,1934.7,1934.7,1935.1,1934.5,1935.1
202008281126,1934.7,1935.2,1934.6,1935.2,1935.1,1935.6,1935.1,1935.6
202008281127,1935.2,1935.4,1934,1934.1,1935.6,1935.8,1934.4,1934.5
202008281128,1934,1934.4,1934,1934.3,1934.4,1934.8,1934.4,1934.7
202008281129,1934.3,1934.5,1934.2,1934.3,1934.7,1935,1934.7,1934.7
202008281130,1934.3,1935,1934.2,1934.6,1934.7,1935.4,1934.6,1935.1
202008281131,1934.6,1935.3,1934.5,1935.3,1935.1,1935.7,1934.9,1935.7
202008281132,1935.3,1935.3,1934.7,1934.8,1935.7,1935.8,1935.1,1935.2
202008281133,1934.7,1935.2,1934.7,1935.1,1935.2,1935.6,1935.2,1935.5
202008281134,1935.1,1935.1,1934.1,1934.2,1935.5,1935.5,1934.5,1934.7
202008281135,1934.2,1934.3,1933.8,1934.2,1934.7,1934.7,1934.2,1934.6
202008281136,1934.2,1934.8,1933.8,1934,1934.6,1935.2,1934.3,1934.5
202008281137,1934,1934,1933.7,1934,1934.5,1934.5,1934.2,1934.4
202008281138,1934,1934.2,1933,1933.1,1934.4,1934.6,1933.4,1933.5
202008281139,1933.1,1933.7,1933.1,1933.6,1933.5,1934.1,1933.5,1934
202008281140,1933.6,1934,1933.5,1934,1934,1934.4,1933.9,1934.4
202008281141,1934,1934.1,1933.6,1934.1,1934.4,1934.5,1934,1934.5
202008281142,1934.1,1934.1,1933.6,1933.6,1934.5,1934.6,1934.1,1934.1
202008281143,1933.6,1934,1932.8,1933.6,1934.1,1934.6,1933.3,1934.1
202008281144,1933.6,1934.4,1933.6,1934.4,1934.1,1934.8,1934,1934.8
202008281145,1934.4,1934.6,1934.1,1934.5,1934.8,1935.1,1934.6,1935.1
202008281146,1934.5,1934.9,1934.3,1934.7,1935.1,1935.3,1934.8,1935.1
202008281147,1934.7,1935,1934.2,1935,1935.1,1935.4,1934.6,1935.4
202008281148,1935,1935.1,1934.3,1934.6,1935.4,1935.5,1934.9,1935
202008281149,1934.6,1934.9,1934.2,1934.9,1935,1935.3,1934.8,1935.3
202008281150,1934.9,1934.9,1934.8,1934.9,1935.3,1935.3,1935.2,1935.3
202008281151,1934.9,1935.4,1934.7,1935.1,1935.3,1935.8,1935.1,1935.5
202008281152,1935.1,1935.8,1935.1,1935.6,1935.5,1936.2,1935.5,1936
202008281153,1935.6,1935.7,1935.3,1935.4,1936,1936.1,1935.7,1935.8
202008281154,1935.4,1935.4,1934.9,1935.3,1935.8,1935.8,1935.3,1935.7
202008281155,1935.3,1935.9,1935.3,1935.5,1935.7,1936.3,1935.7,1935.9
202008281156,1935.5,1935.5,1934.8,1934.9,1935.9,1935.9,1935.2,1935.3
202008281157,1934.9,1935,1934.6,1934.9,1935.3,1935.4,1935,1935.3
202008281158,1934.9,1935.2,1934.9,1935.2,1935.3,1935.6,1935.3,1935.6
202008281159,1935.2,1935.8,1935.2,1935.6,1935.6,1936.2,1935.6,1936
202008281200,1935.6,1936.1,1935.4,1936.1,1936,1936.5,1935.8,1936.5
202008281201,1936.1,1937,1936.1,1936.8,1936.5,1937.5,1936.5,1937.3
202008281202,1936.9,1937.4,1936.8,1937.2,1937.3,1937.9,1937.3,1937.7
202008281203,1937.2,1939,1937.2,1938.9,1937.7,1939.5,1937.7,1939.4
202008281204,1938.8,1939,1938.4,1938.7,1939.3,1939.5,1938.9,1939.2
202008281205,1938.7,1938.7,1937.2,1937.4,1939.2,1939.2,1937.7,1937.8
202008281206,1937.3,1937.5,1936.4,1937.5,1937.9,1938.1,1936.9,1937.9
202008281207,1937.5,1937.6,1936.2,1936.3,1937.9,1938,1936.6,1936.7
202008281208,1936.3,1936.8,1936.2,1936.8,1936.7,1937.2,1936.6,1937.2
202008281209,1936.8,1937.2,1936.4,1936.5,1937.2,1937.6,1936.8,1936.9
202008281210,1936.5,1936.7,1936.4,1936.7,1936.9,1937.1,1936.8,1937.1
202008281211,1936.7,1937,1936.1,1936.2,1937.1,1937.4,1936.5,1936.6
202008281212,1936.2,1936.4,1936.1,1936.3,1936.6,1936.8,1936.6,1936.7
202008281213,1936.3,1936.6,1936.2,1936.6,1936.7,1937,1936.6,1937
202008281214,1936.6,1936.9,1936.5,1936.9,1937,1937.3,1936.9,1937.3
202008281215,1936.9,1937,1936.6,1936.9,1937.3,1937.4,1937,1937.3
202008281216,1936.9,1937,1936.2,1936.2,1937.3,1937.4,1936.6,1936.6
202008281217,1936.3,1936.6,1936.3,1936.3,1936.7,1937,1936.7,1936.7
202008281218,1936.2,1936.5,1936.1,1936.5,1936.6,1936.9,1936.5,1936.9
202008281219,1936.5,1937,1936.5,1936.8,1936.9,1937.4,1936.9,1937.2
202008281220,1936.8,1936.8,1936.6,1936.7,1937.2,1937.3,1937,1937.2
202008281221,1936.7,1936.7,1936.5,1936.6,1937.2,1937.2,1936.9,1937
202008281222,1936.6,1937.1,1936.6,1937,1937,1937.5,1937,1937.4
202008281223,1937,1937.2,1936.9,1937.1,1937.4,1937.7,1937.4,1937.6
202008281224,1937.1,1937.1,1937,1937,1937.6,1937.6,1937.4,1937.4
202008281225,1937,1937.2,1936.7,1936.9,1937.4,1937.6,1937.1,1937.3
202008281226,1936.9,1937.1,1936.6,1936.7,1937.3,1937.5,1937.1,1937.1
202008281227,1936.7,1937,1936.7,1936.8,1937.1,1937.5,1937.1,1937.3
202008281228,1936.8,1936.9,1936.5,1936.6,1937.2,1937.3,1937,1937
202008281229,1936.6,1937.8,1936.5,1937.7,1937,1938.2,1936.9,1938.1
202008281230,1937.7,1937.8,1937.4,1937.7,1938.1,1938.2,1937.8,1938.1
202008281231,1937.7,1937.9,1937,1937.1,1938.1,1938.3,1937.5,1937.6
202008281232,1937.1,1937.2,1936.6,1936.6,1937.6,1937.7,1937.1,1937.1
202008281233,1936.6,1936.7,1936.2,1936.7,1937.1,1937.2,1936.7,1937.1
202008281234,1936.7,1936.9,1936.4,1936.7,1937.1,1937.4,1936.8,1937.2
202008281235,1936.7,1936.8,1936.4,1936.8,1937.2,1937.4,1937.1,1937.4
202008281236,1936.8,1936.9,1936.7,1936.8,1937.4,1937.4,1937.3,1937.3
202008281237,1936.7,1936.7,1936.2,1936.2,1937.2,1937.2,1936.7,1936.7
202008281238,1936.2,1936.5,1936.2,1936.4,1936.7,1937,1936.7,1937
202008281239,1936.4,1936.4,1936.2,1936.4,1937,1937,1936.8,1936.9
202008281240,1936.4,1936.5,1936.4,1936.5,1936.9,1937,1936.8,1936.9
202008281241,1936.5,1936.7,1936.5,1936.6,1936.9,1937.2,1936.9,1937
202008281242,1936.6,1936.9,1936.6,1936.9,1937.1,1937.4,1937,1937.3
202008281243,1936.9,1936.9,1936.3,1936.3,1937.3,1937.3,1936.7,1936.8
202008281244,1936.3,1936.8,1936.3,1936.7,1936.8,1937.3,1936.8,1937.1
202008281245,1936.7,1936.9,1936.6,1936.8,1937.1,1937.3,1937.1,1937.2
202008281246,1936.8,1937.3,1936.8,1937.3,1937.2,1937.7,1937.2,1937.7
202008281247,1937.3,1937.4,1937.2,1937.3,1937.7,1937.8,1937.6,1937.7
202008281248,1937.3,1937.7,1937.3,1937.5,1937.7,1938.1,1937.7,1937.9
202008281249,1937.5,1937.6,1937.2,1937.2,1937.9,1938,1937.6,1937.6
202008281250,1937.2,1939.6,1937.2,1939.1,1937.6,1940,1937.6,1939.5
202008281251,1939.1,1939.7,1938.6,1939.4,1939.5,1940.1,1939,1939.8
202008281252,1939.4,1939.5,1938.6,1938.8,1939.8,1940,1939,1939.2
202008281253,1938.9,1940.4,1938.9,1939.4,1939.3,1940.8,1939.3,1939.8
202008281254,1939.4,1940.6,1939.4,1940.1,1939.8,1941,1939.8,1940.6
202008281255,1940.1,1940.3,1939.8,1940.3,1940.6,1940.7,1940.2,1940.7
202008281256,1940.3,1940.9,1940.2,1940.6,1940.7,1941.3,1940.6,1941
202008281257,1940.6,1940.6,1940,1940,1941,1941,1940.4,1940.4
202008281258,1940,1940.8,1940,1940.7,1940.4,1941.2,1940.4,1941.1
202008281259,1940.7,1941.1,1940.6,1940.8,1941.1,1941.5,1941,1941.2
202008281300,1940.8,1940.8,1940.1,1940.2,1941.2,1941.2,1940.5,1940.6
202008281301,1940.2,1940.3,1940,1940.1,1940.6,1940.7,1940.4,1940.5
202008281302,1940.1,1940.1,1939.6,1939.6,1940.5,1940.5,1940,1940
202008281303,1939.6,1939.8,1939.6,1939.7,1940,1940.2,1940,1940.1
202008281304,1939.7,1939.7,1939.4,1939.5,1940.1,1940.1,1939.8,1939.9
202008281305,1939.4,1939.7,1939.3,1939.4,1939.8,1940.1,1939.7,1939.8
202008281306,1939.4,1939.8,1939.2,1939.8,1939.8,1940.2,1939.6,1940.2
202008281307,1939.8,1939.8,1939.4,1939.6,1940.2,1940.2,1939.8,1940
202008281308,1939.6,1939.6,1939.4,1939.6,1940,1940,1939.8,1940
202008281309,1939.6,1939.8,1939.5,1939.7,1940,1940.2,1939.9,1940.1
202008281310,1939.7,1939.7,1939,1939.3,1940.1,1940.1,1939.4,1939.7
202008281311,1939.3,1939.4,1939.2,1939.2,1939.7,1939.8,1939.6,1939.6
202008281312,1939.2,1939.5,1938.7,1939.2,1939.6,1939.9,1939.1,1939.6
202008281313,1939.2,1939.3,1939.1,1939.3,1939.6,1939.7,1939.5,1939.7
202008281314,1939.3,1939.6,1939.3,1939.6,1939.7,1940,1939.7,1940
202008281315,1939.6,1939.9,1939.6,1939.6,1940,1940.3,1940,1940
202008281316,1939.6,1939.7,1939.6,1939.6,1940,1940.1,1940,1940
202008281317,1939.6,1939.8,1939.2,1939.2,1940,1940.2,1939.6,1939.6
202008281318,1939.2,1939.4,1938.9,1939.1,1939.6,1939.8,1939.3,1939.5
202008281319,1939.2,1939.5,1939.2,1939.2,1939.6,1939.9,1939.6,1939.6
202008281320,1939.2,1939.6,1939.2,1939.4,1939.6,1940,1939.6,1939.8
202008281321,1939.4,1939.4,1939.2,1939.3,1939.8,1939.8,1939.6,1939.7
202008281322,1939.3,1939.7,1939.3,1939.7,1939.7,1940.1,1939.7,1940.1
202008281323,1939.7,1940,1939.6,1939.8,1940.1,1940.4,1940,1940.2
202008281324,1939.8,1941.5,1939.7,1941.2,1940.2,1941.9,1940.1,1941.6
202008281325,1941.2,1942.1,1941.2,1941.7,1941.6,1942.5,1941.6,1942.1
202008281326,1941.7,1941.7,1940.7,1940.8,1942.1,1942.1,1941.1,1941.2
202008281327,1940.8,1940.9,1940.6,1940.6,1941.2,1941.3,1941,1941
202008281328,1940.6,1940.9,1940.5,1940.5,1941,1941.3,1940.9,1940.9
202008281329,1940.5,1940.6,1940.4,1940.5,1940.9,1941,1940.8,1940.9
202008281330,1940.5,1940.6,1940.1,1940.2,1940.9,1941,1940.5,1940.6
202008281331,1940.2,1940.3,1939.7,1939.9,1940.6,1940.7,1940.1,1940.3
202008281332,1940,1941.1,1939.9,1940.6,1940.4,1941.6,1940.3,1941
202008281333,1940.6,1940.7,1940.5,1940.5,1941,1941.1,1940.9,1940.9
202008281334,1940.5,1940.6,1940.4,1940.5,1940.9,1941.1,1940.9,1940.9
202008281335,1940.5,1940.5,1939.7,1940.3,1940.9,1940.9,1940.1,1940.7
202008281336,1940.3,1940.4,1939.7,1939.8,1940.7,1940.8,1940.1,1940.2
202008281337,1939.8,1939.9,1939.7,1939.8,1940.2,1940.3,1940.1,1940.3
202008281338,1939.8,1939.9,1939.7,1939.7,1940.3,1940.3,1940.1,1940.1
202008281339,1939.7,1940.5,1939.7,1940.5,1940.1,1940.9,1940.1,1940.9
202008281340,1940.5,1940.6,1940.2,1940.5,1940.9,1941,1940.6,1940.9
202008281341,1940.5,1940.5,1939.8,1939.9,1940.9,1940.9,1940.2,1940.3
202008281342,1939.9,1940.6,1939.9,1940.6,1940.3,1941,1940.3,1941
202008281343,1940.6,1942.1,1940.6,1942.1,1941,1942.5,1941,1942.5
202008281344,1942.1,1942.8,1941.3,1941.4,1942.5,1943.2,1941.8,1941.8
202008281345,1941.4,1941.6,1941.3,1941.3,1941.8,1942,1941.7,1941.7
202008281346,1941.3,1941.7,1941.3,1941.6,1941.7,1942.1,1941.7,1942
202008281347,1941.6,1942.1,1941.6,1941.9,1942,1942.5,1942,1942.3
202008281348,1941.9,1942.2,1941.3,1941.3,1942.3,1942.6,1941.7,1941.7
202008281349,1941.3,1941.9,1941.3,1941.9,1941.7,1942.3,1941.7,1942.3
202008281350,1941.9,1941.9,1941.7,1941.7,1942.3,1942.3,1942.1,1942.1
202008281351,1941.7,1942.1,1941.7,1942,1942.1,1942.5,1942.1,1942.4
202008281352,1942,1942.3,1941.9,1942,1942.4,1942.7,1942.3,1942.4
202008281353,1942,1942,1941.3,1941.5,1942.4,1942.4,1941.7,1941.9
202008281354,1941.5,1941.5,1941.3,1941.4,1941.9,1941.9,1941.7,1941.8
202008281355,1941.4,1941.5,1941.1,1941.3,1941.8,1941.9,1941.5,1941.7
202008281356,1941.3,1941.4,1941.2,1941.3,1941.7,1941.8,1941.6,1941.7
202008281357,1941.6,1942.9,1941.4,1942.4,1942,1943.3,1941.8,1942.8
202008281358,1942.4,1942.9,1942.3,1942.9,1942.8,1943.3,1942.7,1943.3
202008281359,1942.9,1943,1942.5,1942.6,1943.3,1943.4,1942.9,1943
202008281400,1942.6,1943.9,1942.5,1943.5,1943,1944.5,1942.9,1944
202008281401,1943.5,1943.7,1943.3,1943.5,1944,1944.1,1943.7,1943.9
202008281402,1943.5,1943.5,1943.1,1943.2,1943.9,1943.9,1943.5,1943.6
202008281403,1943.2,1943.3,1942.8,1942.9,1943.6,1943.7,1943.3,1943.3
202008281404,1942.9,1943.1,1942.7,1942.7,1943.3,1943.5,1943.1,1943.1
202008281405,1942.7,1942.7,1942.3,1942.3,1943.1,1943.1,1942.7,1942.7
202008281406,1942.3,1942.5,1942.1,1942.5,1942.7,1943,1942.6,1942.9
202008281407,1942.5,1944.7,1942.4,1944.3,1942.9,1945.1,1942.8,1944.7
202008281408,1944.3,1945,1943.6,1944.6,1944.7,1945.5,1944.2,1945.1
202008281409,1944.4,1945.2,1944.2,1944.9,1945,1945.8,1944.7,1945.4
202008281410,1944.9,1944.9,1943.4,1943.6,1945.4,1945.4,1944,1944.2
202008281411,1943.6,1943.7,1942,1943.1,1944.2,1944.2,1942.6,1943.6
202008281412,1943.1,1943.2,1942.2,1942.5,1943.6,1943.6,1942.7,1943.1
202008281413,1942.6,1943.3,1942.1,1942.4,1943.1,1943.9,1942.7,1942.9
202008281414,1942.4,1942.8,1941.9,1941.9,1942.9,1943.3,1942.4,1942.4
202008281415,1941.9,1942.1,1941.1,1941.2,1942.4,1942.5,1941.5,1941.6
202008281416,1941.1,1941.8,1940.9,1941.8,1941.5,1942.3,1941.4,1942.3
202008281417,1941.8,1942.5,1941.5,1941.6,1942.3,1943,1941.9,1942
202008281418,1941.5,1942.4,1941.5,1942.4,1942,1942.8,1941.9,1942.8
202008281419,1942.4,1942.8,1942.2,1942.6,1942.8,1943.3,1942.6,1943
202008281420,1942.6,1944,1942.6,1943.9,1943,1944.5,1943,1944.4
202008281421,1943.9,1944.6,1943.9,1944.6,1944.4,1945.1,1944.4,1945
202008281422,1944.6,1944.9,1944.5,1944.7,1945,1945.3,1944.9,1945.2
202008281423,1944.7,1944.8,1943.5,1943.7,1945.2,1945.2,1944,1944.2
202008281424,1943.7,1943.8,1943.5,1943.6,1944.2,1944.3,1943.9,1944
202008281425,1943.5,1943.8,1942.7,1943,1943.9,1944.3,1943.1,1943.4
202008281426,1943,1943.3,1942.6,1942.7,1943.4,1943.7,1943,1943.1
202008281427,1942.7,1942.8,1942.3,1942.4,1943.1,1943.2,1942.7,1942.8
202008281428,1942.4,1942.6,1941.8,1941.9,1942.8,1943,1942.2,1942.3
202008281429,1941.9,1942.3,1941.8,1941.8,1942.3,1942.7,1942.2,1942.2
202008281430,1941.8,1943.4,1941.8,1943.1,1942.2,1943.9,1942.2,1943.6
202008281431,1943.1,1943.2,1942.3,1942.6,1943.6,1943.7,1942.8,1943
202008281432,1942.5,1942.6,1942.1,1942.4,1943,1943.1,1942.5,1942.9
202008281433,1942.4,1942.7,1942.2,1942.3,1942.9,1943.1,1942.7,1942.8
202008281434,1942.3,1942.5,1940.3,1940.7,1942.8,1942.9,1940.8,1941.1
202008281435,1940.7,1941.6,1940.5,1941.2,1941.1,1942.1,1941.1,1941.6
202008281436,1941.2,1941.3,1940.5,1940.5,1941.6,1941.7,1940.9,1940.9
202008281437,1940.5,1941.8,1940.5,1941.4,1940.9,1942.2,1940.9,1941.8
202008281438,1941.3,1941.4,1940.5,1940.7,1941.7,1941.8,1940.9,1941.1
202008281439,1940.6,1941.3,1940.5,1941.1,1941,1941.9,1941,1941.6
202008281440,1941.2,1943.3,1941.2,1943.1,1941.7,1943.7,1941.7,1943.5
202008281441,1943.1,1943.6,1943.1,1943.4,1943.5,1944.1,1943.5,1943.9
202008281442,1943.3,1943.7,1943.3,1943.5,1943.8,1944.1,1943.8,1943.9
202008281443,1943.5,1945.2,1943.5,1945.2,1943.9,1945.6,1943.9,1945.6
202008281444,1945.2,1945.4,1944.5,1944.6,1945.6,1945.9,1945,1945.1
202008281445,1944.7,1944.8,1944.2,1944.2,1945.1,1945.2,1944.6,1944.7
202008281446,1944.2,1944.2,1942.6,1943,1944.7,1944.7,1943,1943.5
202008281447,1943,1943,1941.8,1941.9,1943.5,1943.5,1942.3,1942.3
202008281448,1941.9,1942,1941.5,1941.9,1942.3,1942.4,1942,1942.3
202008281449,1941.9,1942.7,1941.6,1942.7,1942.3,1943.1,1942.1,1943.1
202008281450,1942.7,1942.8,1942.4,1942.8,1943.1,1943.2,1942.8,1943.2
202008281451,1942.8,1942.9,1942.5,1942.7,1943.2,1943.4,1943,1943.1
202008281452,1942.6,1943,1942.4,1942.4,1943,1943.4,1942.8,1942.8
202008281453,1942.4,1942.4,1941.7,1941.7,1942.8,1942.8,1942.1,1942.2
202008281454,1941.7,1941.9,1941.7,1941.8,1942.2,1942.3,1942.1,1942.2
202008281455,1941.8,1941.9,1940.6,1940.7,1942.2,1942.3,1941.1,1941.1
202008281456,1940.7,1940.9,1940.2,1940.6,1941.1,1941.3,1940.6,1941.1
202008281457,1940.6,1941.8,1940.6,1941,1941.1,1942.2,1941.1,1941.5
202008281458,1941,1941.2,1940.3,1940.8,1941.5,1941.7,1940.7,1941.2
202008281459,1940.8,1941.4,1940.8,1941.1,1941.2,1941.8,1941.2,1941.5
202008281500,1941.1,1942.3,1940.1,1942.3,1941.6,1942.7,1940.6,1942.7
202008281501,1942.3,1942.4,1941.8,1942.1,1942.7,1942.8,1942.2,1942.6
202008281502,1942.1,1943.7,1942.1,1942.9,1942.6,1944.2,1942.5,1943.5
202008281503,1942.9,1944,1942.2,1943.9,1943.5,1944.5,1942.8,1944.4
202008281504,1943.9,1944.1,1943.5,1943.8,1944.4,1944.6,1943.9,1944.3
202008281505,1943.9,1944.3,1943.3,1943.3,1944.3,1944.7,1943.7,1943.7
202008281506,1943.3,1943.7,1943.3,1943.4,1943.9,1944.1,1943.7,1943.8
202008281507,1943.4,1943.9,1943.1,1943.9,1943.8,1944.4,1943.6,1944.4
202008281508,1943.8,1943.8,1943,1943.2,1944.3,1944.3,1943.5,1943.7
202008281509,1943.2,1943.2,1942.1,1943,1943.6,1943.6,1942.5,1943.5
202008281510,1943.1,1943.5,1943,1943.4,1943.6,1944,1943.4,1943.8
202008281511,1943.4,1944.1,1943.2,1943.8,1943.8,1944.5,1943.6,1944.3
202008281512,1943.8,1944,1943,1943.1,1944.3,1944.4,1943.4,1943.5
202008281513,1943.1,1943.5,1943.1,1943.3,1943.5,1943.9,1943.5,1943.7
202008281514,1943.3,1943.3,1942.3,1942.4,1943.7,1943.7,1942.7,1942.8
202008281515,1942.4,1942.5,1941.2,1941.2,1942.8,1942.9,1941.6,1941.6
202008281516,1941.2,1942.2,1940.9,1942.1,1941.6,1942.7,1941.3,1942.6
202008281517,1942.2,1942.3,1941.7,1941.7,1942.6,1942.7,1942.1,1942.1
202008281518,1941.7,1943.6,1941.7,1943.4,1942.1,1944,1942.1,1943.8
202008281519,1943.4,1943.8,1943.4,1943.5,1943.8,1944.2,1943.8,1943.9
202008281520,1943.5,1943.6,1942.9,1943,1943.9,1944,1943.3,1943.4
202008281521,1943,1943,1942.1,1942.5,1943.4,1943.4,1942.5,1942.9
202008281522,1942.5,1942.9,1942.4,1942.7,1942.9,1943.4,1942.8,1943.2
202008281523,1942.7,1942.7,1942.2,1942.3,1943.2,1943.2,1942.6,1942.7
202008281524,1942.3,1942.4,1941.9,1942.2,1942.7,1942.8,1942.3,1942.6
202008281525,1942.2,1942.9,1941.4,1941.4,1942.6,1943.3,1941.8,1941.9
202008281526,1941.4,1942.1,1941.3,1942.1,1941.9,1942.6,1941.7,1942.5
202008281527,1942.1,1942.1,1941.2,1942.1,1942.5,1942.5,1941.6,1942.5
202008281528,1942.1,1942.5,1941.8,1942.5,1942.5,1942.9,1942.2,1942.9
202008281529,1942.5,1943.1,1942.2,1943,1942.9,1943.5,1942.6,1943.4
202008281530,1943,1943.7,1942.6,1943.5,1943.4,1944.1,1943,1943.9
202008281531,1943.5,1944.1,1943.3,1944,1943.9,1944.6,1943.7,1944.5
202008281532,1943.9,1944.2,1943.5,1943.6,1944.4,1944.6,1943.9,1944
202008281533,1943.6,1944.4,1943.6,1944.1,1944,1944.8,1944,1944.5
202008281534,1944.1,1945.5,1944,1945.4,1944.5,1945.9,1944.4,1945.8
202008281535,1945.4,1945.8,1944.8,1945.3,1945.8,1946.2,1945.3,1945.7
202008281536,1945.3,1945.6,1943.8,1944.3,1945.8,1946,1944.3,1944.7
202008281537,1944.3,1944.4,1942.9,1943.1,1944.8,1944.9,1943.4,1943.5
202008281538,1943,1944,1942.7,1944,1943.4,1944.4,1943.1,1944.4
202008281539,1944,1944.3,1943.7,1944.1,1944.4,1944.8,1944.1,1944.5
202008281540,1944.1,1944.1,1943.7,1943.9,1944.5,1944.5,1944.1,1944.3
202008281541,1943.9,1945.1,1943.8,1945.1,1944.3,1945.5,1944.3,1945.5
202008281542,1945.1,1947.2,1945.1,1947,1945.5,1947.7,1945.5,1947.4
202008281543,1947,1947.1,1945.7,1945.8,1947.4,1947.6,1946.2,1946.3
202008281544,1945.8,1946.2,1945.4,1946.2,1946.3,1946.6,1945.8,1946.6
202008281545,1946.2,1947.2,1945.3,1946.7,1946.6,1947.7,1945.8,1947.3
202008281546,1946.8,1947.2,1946.8,1947,1947.3,1947.7,1947.2,1947.4
202008281547,1947,1948.6,1947,1947.8,1947.4,1949.1,1947.4,1948.3
202008281548,1947.8,1948.7,1947.4,1947.5,1948.3,1949.2,1947.9,1947.9
202008281549,1947.6,1947.6,1946.4,1947.2,1948.1,1948.1,1946.9,1947.6
202008281550,1947.2,1947.2,1946.6,1946.6,1947.6,1947.6,1947,1947
202008281551,1946.2,1947.1,1946.1,1946.4,1946.6,1947.6,1946.5,1946.8
202008281552,1946.4,1947.4,1946.3,1946.8,1946.8,1947.9,1946.8,1947.2
202008281553,1946.8,1946.9,1945.6,1945.7,1947.2,1947.4,1946,1946.1
202008281554,1945.7,1945.7,1944.6,1944.7,1946.1,1946.1,1945.1,1945.1
202008281555,1944.7,1945,1944.3,1944.3,1945.1,1945.4,1944.7,1944.7
202008281556,1944.3,1945.4,1944.3,1945,1944.7,1945.8,1944.7,1945.4
202008281557,1945,1945.5,1944.8,1945.4,1945.4,1945.9,1945.2,1945.8
202008281558,1945.4,1945.9,1945,1945.9,1945.8,1946.4,1945.4,1946.3
202008281559,1945.9,1946.1,1944.9,1944.9,1946.3,1946.5,1945.3,1945.3
202008281600,1944.9,1946,1944.9,1945.6,1945.3,1946.4,1945.3,1946
202008281601,1945.6,1947.4,1945.5,1946.9,1946,1948.1,1945.9,1947.4
202008281602,1947,1948.6,1946.9,1948.3,1947.5,1949,1947.4,1948.8
202008281603,1948.3,1948.4,1947.9,1948,1948.8,1948.9,1948.3,1948.4
202008281604,1948,1948.9,1948,1948.7,1948.4,1949.3,1948.4,1949.1
202008281605,1948.7,1949,1948.5,1948.7,1949.1,1949.4,1948.9,1949.1
202008281606,1948.8,1950.4,1948.7,1949.9,1949.2,1950.8,1949.1,1950.3
202008281607,1949.8,1950.2,1948.5,1949.4,1950.2,1950.6,1948.9,1949.8
202008281608,1949.4,1950.3,1949.2,1950.1,1949.8,1950.7,1949.6,1950.5
202008281609,1950.1,1950.8,1950.1,1950.7,1950.5,1951.2,1950.5,1951.1
202008281610,1950.7,1950.7,1948.8,1949,1951.1,1951.1,1949.3,1949.5
202008281611,1949.1,1949.3,1947.8,1948.3,1949.5,1949.8,1948.2,1948.7
202008281612,1948.3,1948.6,1947.6,1948.4,1948.7,1949,1948,1948.8
202008281613,1948.4,1948.5,1947,1948.1,1948.8,1949,1947.5,1948.6
202008281614,1948,1949.9,1948,1949.4,1948.6,1950.4,1948.6,1949.8
202008281615,1949.4,1950.8,1949.3,1950.8,1949.8,1951.2,1949.8,1951.2
202008281616,1950.7,1950.8,1949.9,1950,1951.1,1951.2,1950.4,1950.4
202008281617,1950,1950.3,1949.8,1950,1950.4,1950.7,1950.2,1950.5
202008281618,1950,1950.5,1949.8,1949.8,1950.5,1950.9,1950.2,1950.2
202008281619,1949.8,1951.4,1949.8,1950.8,1950.2,1951.9,1950.2,1951.3
202008281620,1950.8,1951,1950,1950.4,1951.3,1951.4,1950.4,1950.9
202008281621,1950.5,1951.2,1950,1950.9,1950.9,1951.7,1950.4,1951.4
202008281622,1950.9,1951.6,1950.9,1951.5,1951.4,1952.1,1951.4,1951.9
202008281623,1951.5,1951.9,1950.9,1951.8,1951.9,1952.3,1951.3,1952.2
202008281624,1951.7,1952,1951.3,1951.7,1952.1,1952.4,1951.7,1952.1
202008281625,1951.7,1952,1951.6,1951.7,1952.1,1952.4,1952,1952.1
202008281626,1951.7,1951.8,1950.2,1950.2,1952.1,1952.2,1950.6,1950.6
202008281627,1950.2,1950.7,1949.4,1949.5,1950.6,1951.1,1949.8,1949.9
202008281628,1949.5,1949.5,1948.5,1949.1,1949.9,1949.9,1949,1949.5
202008281629,1949.1,1949.6,1949,1949.5,1949.5,1950,1949.4,1949.9
202008281630,1949.5,1949.6,1948.4,1949.2,1949.9,1950,1948.8,1949.6
202008281631,1949.3,1949.5,1948.7,1948.9,1949.7,1949.9,1949.1,1949.3
202008281632,1948.9,1950.1,1948.9,1949.9,1949.3,1950.5,1949.3,1950.3
202008281633,1949.9,1950.2,1948,1948.1,1950.3,1950.6,1948.4,1948.5
202008281634,1948.1,1948.4,1947.6,1947.6,1948.5,1948.8,1948,1948
202008281635,1947.5,1947.5,1944.2,1944.9,1947.9,1947.9,1944.7,1945.5
202008281636,1945.1,1946.5,1945.1,1945.3,1945.8,1946.9,1945.8,1945.8
202008281637,1945.3,1946.1,1944.2,1944.5,1945.7,1946.6,1944.6,1944.9
202008281638,1944.5,1946.3,1944.5,1946,1944.9,1946.7,1944.9,1946.5
202008281639,1946,1946.4,1945.5,1946.1,1946.5,1946.8,1946,1946.5
202008281640,1946.1,1946.6,1944.8,1945,1946.5,1947,1945.3,1945.4
202008281641,1945,1945.5,1944.3,1944.6,1945.4,1946,1944.8,1945.1
202008281642,1944.6,1946,1944.4,1946,1945,1946.4,1944.8,1946.4
202008281643,1946,1946.5,1945.6,1946.2,1946.4,1946.9,1946.1,1946.6
202008281644,1946.2,1947,1946.1,1946.3,1946.6,1947.4,1946.5,1946.8
202008281645,1946.3,1946.3,1945.3,1945.7,1946.8,1946.8,1945.8,1946.1
202008281646,1945.8,1946.6,1945.7,1946.2,1946.2,1947,1946.2,1946.6
202008281647,1946.2,1946.2,1943.8,1944.1,1946.6,1946.6,1944.2,1944.6
202008281648,1944.2,1944.3,1942.3,1943,1944.7,1944.7,1942.8,1943.6
202008281649,1943,1944.1,1942.7,1944.1,1943.5,1944.6,1943.3,1944.5
202008281650,1944.1,1945,1944.1,1944.3,1944.5,1945.4,1944.5,1944.8
202008281651,1944.3,1944.8,1944,1944,1944.8,1945.2,1944.4,1944.4
202008281652,1944,1946.4,1943.9,1946.1,1944.4,1946.8,1944.3,1946.6
202008281653,1946.2,1946.7,1945.4,1946.4,1946.6,1947.1,1945.9,1946.8
202008281654,1946.4,1948,1946.4,1947.5,1946.8,1948.5,1946.8,1947.9
202008281655,1947.5,1947.6,1946.8,1947.3,1947.9,1948,1947.2,1947.7
202008281656,1947.3,1949.2,1947.3,1948.8,1947.7,1949.7,1947.7,1949.3
202008281657,1948.8,1948.9,1948,1948.3,1949.2,1949.3,1948.4,1948.7
202008281658,1948.2,1948.4,1947.8,1947.9,1948.7,1948.8,1948.2,1948.3
202008281659,1947.9,1948.7,1947.9,1948.2,1948.3,1949.1,1948.3,1948.6
202008281700,1948.2,1948.5,1947.4,1947.7,1948.6,1948.9,1947.8,1948.1
202008281701,1947.7,1948.9,1947.6,1948.7,1948.1,1949.3,1948,1949.2
202008281702,1948.7,1949.3,1948.7,1948.9,1949.2,1949.7,1949.2,1949.3
202008281703,1948.9,1949.3,1948.6,1949,1949.3,1949.7,1949,1949.4
202008281704,1949,1949.2,1948,1948.1,1949.5,1949.7,1948.5,1948.6
202008281705,1948.1,1948.5,1947.8,1948.3,1948.6,1949,1948.3,1948.7
202008281706,1948.3,1949.1,1947.7,1947.7,1948.8,1949.5,1948.1,1948.1
202008281707,1947.7,1947.8,1945.9,1946.2,1948.1,1948.2,1946.4,1946.6
202008281708,1946.2,1947.2,1945.8,1946.9,1946.6,1947.7,1946.2,1947.3
202008281709,1946.9,1946.9,1946.2,1946.4,1947.3,1947.3,1946.6,1946.8
202008281710,1946.4,1947.3,1945.8,1946.8,1946.8,1947.7,1946.2,1947.2
202008281711,1946.8,1947.2,1946.8,1946.8,1947.2,1947.6,1947.2,1947.2
202008281712,1946.8,1947.2,1946.2,1946.4,1947.2,1947.6,1946.6,1946.8
202008281713,1946.3,1946.7,1946.1,1946.3,1946.8,1947.1,1946.5,1946.7
202008281714,1946.3,1947.6,1946.1,1947.6,1946.7,1948.1,1946.5,1948
202008281715,1947.6,1949.2,1947.4,1949.2,1948.1,1949.7,1947.9,1949.7
202008281716,1949.3,1950.2,1948.7,1949.6,1949.7,1950.7,1949.1,1950.1
202008281717,1949.6,1950.4,1948.7,1948.9,1950.1,1950.8,1949.1,1949.3
202008281718,1948.9,1949.2,1948.4,1949,1949.3,1949.6,1948.8,1949.5
202008281719,1949,1949.3,1948.6,1948.8,1949.5,1949.7,1949,1949.3
202008281720,1948.8,1949,1947.9,1948,1949.3,1949.5,1948.4,1948.5
202008281721,1948.1,1949.8,1947.7,1949.7,1948.5,1950.3,1948.2,1950.1
202008281722,1949.7,1950.1,1949.4,1949.4,1950.1,1950.6,1949.8,1949.9
202008281723,1949.4,1950.5,1949,1949,1949.9,1951,1949.4,1949.4
202008281724,1949,1950,1948.8,1949.9,1949.4,1950.5,1949.2,1950.3
202008281725,1949.9,1950.5,1949.8,1950.4,1950.3,1950.9,1950.2,1950.8
202008281726,1950.4,1951.4,1950.1,1951.3,1950.8,1951.8,1950.6,1951.7
202008281727,1951.4,1952.9,1951.3,1952.6,1951.8,1953.3,1951.7,1953
202008281728,1952.6,1953.4,1952.2,1953,1953,1953.9,1952.6,1953.4
202008281729,1952.9,1953.4,1952.7,1953,1953.4,1953.9,1953.2,1953.5
202008281730,1953,1953.6,1953,1953.6,1953.5,1954.1,1953.4,1954
202008281731,1953.5,1953.6,1952.6,1952.8,1953.9,1954,1953,1953.3
202008281732,1952.8,1954.3,1952.8,1953.8,1953.3,1954.8,1953.3,1954.2
202008281733,1953.8,1954,1952.2,1954,1954.2,1954.4,1952.8,1954.4
202008281734,1954,1955.2,1953.8,1954.3,1954.4,1955.6,1954.2,1954.9
202008281735,1954.4,1955.4,1953.9,1954.2,1954.9,1955.8,1954.3,1954.6
202008281736,1954.2,1954.3,1954,1954,1954.6,1954.7,1954.4,1954.4
202008281737,1954,1954.6,1953.9,1954.3,1954.4,1955,1954.3,1954.7
202008281738,1954.3,1954.3,1952.8,1952.8,1954.7,1954.8,1953.2,1953.3
202008281739,1952.9,1953.1,1952.6,1952.7,1953.3,1953.5,1953,1953.1
202008281740,1952.7,1953.3,1952,1953.3,1953.1,1953.8,1952.4,1953.7
202008281741,1953.3,1953.4,1952.2,1952.4,1953.7,1953.8,1952.6,1952.8
202008281742,1952.4,1953.7,1952.4,1953.2,1952.8,1954.1,1952.8,1953.6
202008281743,1953.2,1953.3,1952.5,1953.1,1953.6,1953.7,1952.9,1953.5
202008281744,1953.1,1953.7,1952.9,1953.6,1953.5,1954.2,1953.3,1954
202008281745,1953.6,1953.6,1952.5,1953.1,1954,1954,1952.9,1953.5
202008281746,1953.1,1953.4,1952.7,1952.9,1953.5,1953.8,1953.1,1953.3
202008281747,1952.9,1953.1,1952.9,1953.1,1953.3,1953.6,1953.3,1953.6
202008281748,1953.2,1954.6,1953.1,1954.5,1953.6,1955,1953.5,1955
202008281749,1954.5,1954.8,1954.1,1954.1,1954.9,1955.3,1954.5,1954.5
202008281750,1954.2,1956.5,1954,1956,1954.6,1957,1954.4,1956.5
202008281751,1956,1956.4,1955.5,1956.1,1956.4,1956.8,1955.9,1956.5
202008281752,1956.1,1957.6,1955.8,1957.6,1956.5,1958.1,1956.2,1958.1
202008281753,1957.6,1958.5,1957.2,1957.4,1958.1,1958.9,1957.6,1957.8
202008281754,1957.4,1957.5,1956.1,1956.5,1957.8,1957.9,1956.5,1956.9
202008281755,1956.5,1957.4,1955.5,1955.5,1956.9,1957.9,1955.9,1955.9
202008281756,1955.6,1955.8,1955,1955,1956,1956.2,1955.4,1955.4
202008281757,1955,1955.2,1954.8,1955.1,1955.4,1955.6,1955.2,1955.5
202008281758,1955.1,1955.5,1955,1955.5,1955.5,1955.9,1955.4,1955.9
202008281759,1955.5,1956.3,1955.5,1955.8,1955.9,1956.7,1955.9,1956.2
202008281800,1955.9,1958.2,1955.9,1958,1956.3,1958.7,1956.3,1958.4
202008281801,1958,1958.2,1957.4,1957.8,1958.4,1958.7,1957.8,1958.2
202008281802,1957.8,1958.2,1957.3,1957.9,1958.2,1958.6,1957.8,1958.3
202008281803,1958,1959.2,1957.9,1958.6,1958.4,1959.6,1958.3,1959
202008281804,1958.6,1958.8,1958.2,1958.3,1959,1959.2,1958.6,1958.7
202008281805,1958.3,1959,1957.7,1958.1,1958.7,1959.4,1958.2,1958.5
202008281806,1958.1,1958.9,1958.1,1958.5,1958.5,1959.3,1958.5,1958.9
202008281807,1958.5,1959,1958.3,1958.5,1958.9,1959.4,1958.8,1959
202008281808,1958.5,1959,1958.1,1958.8,1959,1959.4,1958.5,1959.2
202008281809,1958.8,1959.2,1958.7,1959.2,1959.2,1959.6,1959.1,1959.6
202008281810,1959.2,1959.6,1958.3,1959.6,1959.6,1960,1958.7,1960
202008281811,1959.6,1959.6,1958.8,1959.2,1960,1960,1959.2,1959.6
202008281812,1959.3,1959.3,1958.3,1958.7,1959.7,1959.7,1958.7,1959.1
202008281813,1958.7,1959.1,1958.2,1959.1,1959.1,1959.5,1958.6,1959.5
202008281814,1959.1,1959.9,1959,1959.9,1959.5,1960.3,1959.4,1960.3
202008281815,1959.9,1959.9,1959.1,1959.1,1960.3,1960.3,1959.5,1959.5
202008281816,1959.1,1959.7,1959.1,1959.5,1959.5,1960.1,1959.5,1959.9
202008281817,1959.5,1959.6,1958.4,1958.7,1959.9,1960,1958.8,1959.1
202008281818,1958.7,1959.3,1958.4,1959,1959.1,1959.7,1958.8,1959.4
202008281819,1959.1,1959.3,1958.4,1958.6,1959.5,1959.7,1958.8,1959
202008281820,1958.6,1959.6,1958.5,1958.8,1959,1960,1958.9,1959.2
202008281821,1958.8,1959.3,1958.8,1958.9,1959.2,1959.7,1959.2,1959.3
202008281822,1958.9,1958.9,1957.8,1958.1,1959.3,1959.3,1958.2,1958.5
202008281823,1958.1,1958.2,1957.5,1958,1958.5,1958.6,1957.9,1958.4
202008281824,1958,1958.1,1957.1,1957.5,1958.4,1958.5,1957.5,1957.9
202008281825,1957.5,1958.3,1957,1957.1,1957.9,1958.7,1957.4,1957.5
202008281826,1957.1,1957.6,1956.5,1956.6,1957.5,1958,1956.9,1957
202008281827,1956.6,1956.8,1956.4,1956.7,1957,1957.2,1956.8,1957.1
202008281828,1956.6,1956.7,1956.4,1956.6,1957,1957.1,1956.8,1957
202008281829,1956.6,1956.7,1956.1,1956.5,1957,1957.1,1956.5,1956.9
202008281830,1956.5,1956.7,1956,1956.6,1956.9,1957.1,1956.4,1957
202008281831,1956.6,1956.7,1956.3,1956.7,1957,1957.1,1956.8,1957.1
202008281832,1956.7,1956.9,1956.4,1956.8,1957.1,1957.3,1956.8,1957.2
202008281833,1956.8,1957.5,1956.8,1957.5,1957.2,1958,1957.2,1958
202008281834,1957.5,1959.6,1957.5,1958.3,1958,1960.1,1958,1958.7
202008281835,1958.3,1959.1,1958.3,1959,1958.7,1959.5,1958.7,1959.4
202008281836,1959,1959,1958.2,1958.3,1959.4,1959.4,1958.6,1958.7
202008281837,1958.3,1958.5,1957.2,1957.3,1958.7,1958.9,1957.6,1957.7
202008281838,1957.3,1957.5,1957.1,1957.3,1957.7,1957.9,1957.5,1957.7
202008281839,1957.4,1959.8,1957.4,1959.6,1957.8,1960.3,1957.8,1960
202008281840,1959.7,1959.7,1959.2,1959.2,1960.1,1960.1,1959.6,1959.6
202008281841,1959.2,1959.2,1958.1,1958.5,1959.6,1959.6,1958.5,1958.9
202008281842,1958.5,1959.7,1958.5,1958.9,1958.9,1960.1,1958.9,1959.3
202008281843,1959,1959.6,1958.7,1958.8,1959.4,1960,1959.1,1959.2
202008281844,1958.8,1959.6,1958.4,1958.5,1959.2,1960,1958.8,1958.9
202008281845,1958.5,1958.9,1958.5,1958.9,1958.9,1959.3,1958.9,1959.3
202008281846,1958.9,1959,1958.5,1959,1959.3,1959.4,1958.9,1959.4
202008281847,1958.9,1959.6,1958.8,1959.2,1959.3,1960,1959.2,1959.6
202008281848,1959.2,1959.2,1958.6,1958.6,1959.6,1959.6,1959,1959
202008281849,1958.5,1958.5,1957.2,1957.2,1958.9,1958.9,1957.6,1957.6
202008281850,1957.2,1957.9,1957.2,1957.8,1957.6,1958.4,1957.6,1958.2
202008281851,1957.8,1957.8,1955.6,1956.2,1958.2,1958.2,1956.1,1956.6
202008281852,1956.2,1956.3,1953.8,1953.8,1956.6,1956.7,1954.2,1954.2
202008281853,1953.8,1954.7,1953.8,1954.2,1954.2,1955.1,1954.2,1954.6
202008281854,1954.2,1954.8,1953.5,1954.4,1954.6,1955.2,1953.9,1954.9
202008281855,1954.5,1954.6,1953.9,1954,1955,1955.1,1954.3,1954.4
202008281856,1954,1954.7,1952.9,1954.6,1954.4,1955.1,1953.3,1955
202008281857,1954.6,1955.5,1954.5,1955.2,1955,1955.9,1954.9,1955.6
202008281858,1955.2,1956,1955.2,1955.8,1955.6,1956.4,1955.6,1956.2
202008281859,1955.8,1956,1955.3,1955.9,1956.2,1956.4,1955.7,1956.3
202008281900,1955.9,1956.1,1955,1955.1,1956.3,1956.5,1955.4,1955.5
202008281901,1955.1,1955.4,1954.8,1955.3,1955.5,1955.8,1955.2,1955.7
202008281902,1955.3,1956.7,1955.3,1956.7,1955.7,1957.1,1955.7,1957.1
202008281903,1956.7,1956.7,1956,1956.2,1957.1,1957.1,1956.4,1956.6
202008281904,1956.2,1956.5,1955.8,1956.4,1956.6,1956.9,1956.2,1956.8
202008281905,1956.4,1956.6,1952.8,1953.2,1956.8,1957,1953.2,1953.6
202008281906,1953.1,1953.3,1951.5,1952.9,1953.5,1953.7,1951.9,1953.4
202008281907,1952.8,1952.9,1952.3,1952.3,1953.4,1953.4,1952.7,1952.7
202008281908,1952.3,1952.8,1951.8,1952,1952.7,1953.2,1952.2,1952.4
202008281909,1952,1952.1,1950.8,1950.8,1952.4,1952.5,1951.2,1951.2
202008281910,1950.9,1952,1948.1,1950.6,1951.3,1952.5,1948.6,1951.1
202008281911,1950.6,1951.5,1950.2,1951.5,1951.1,1952,1950.8,1951.9
202008281912,1951.6,1952.8,1951.4,1952.3,1952,1953.2,1951.9,1952.7
202008281913,1952.3,1952.4,1951.6,1951.8,1952.7,1952.8,1952,1952.2
202008281914,1951.8,1952.1,1951.3,1952,1952.2,1952.5,1951.7,1952.4
202008281915,1952,1952.5,1951.7,1952.5,1952.4,1952.9,1952.1,1952.9
202008281916,1952.5,1952.6,1952.2,1952.2,1952.9,1953,1952.6,1952.6
202008281917,1952.2,1952.6,1952.2,1952.3,1952.6,1953,1952.6,1952.7
202008281918,1952.3,1952.4,1951.9,1952.3,1952.7,1952.8,1952.3,1952.7
202008281919,1952.3,1952.3,1951.3,1951.3,1952.7,1952.8,1951.7,1951.7
202008281920,1951.3,1952.1,1950.5,1952,1951.7,1952.6,1950.9,1952.4
202008281921,1952,1952,1951.5,1951.7,1952.4,1952.4,1951.9,1952.1
202008281922,1951.7,1951.9,1951.4,1951.8,1952.1,1952.3,1951.9,1952.2
202008281923,1951.8,1952.2,1951.5,1952.2,1952.2,1952.6,1951.9,1952.6
202008281924,1952.2,1952.3,1951.5,1951.7,1952.6,1952.7,1951.9,1952.1
202008281925,1951.7,1952.5,1951.5,1952.3,1952.1,1952.9,1951.9,1952.7
202008281926,1952.3,1952.6,1952.2,1952.4,1952.7,1953,1952.6,1952.8
202008281927,1952.4,1952.7,1952.2,1952.5,1952.8,1953.1,1952.6,1952.9
202008281928,1952.5,1952.5,1951.2,1951.3,1952.9,1952.9,1951.6,1951.7
202008281929,1951.3,1951.8,1951.2,1951.6,1951.7,1952.2,1951.6,1952
202008281930,1951.6,1952.3,1951.6,1952.3,1952,1952.7,1952,1952.7
202008281931,1952.3,1952.7,1952.2,1952.7,1952.7,1953.1,1952.6,1953.1
202008281932,1952.7,1953.5,1952.7,1953,1953.1,1953.9,1953.1,1953.4
202008281933,1953,1953.1,1952.3,1952.9,1953.4,1953.5,1952.8,1953.4
202008281934,1952.9,1953,1952.5,1952.7,1953.4,1953.4,1952.9,1953.1
202008281935,1952.7,1952.8,1952.5,1952.8,1953.1,1953.3,1952.9,1953.2
202008281936,1952.8,1958.7,1952.7,1957.1,1953.2,1959.1,1953.1,1957.6
202008281937,1957,1958.2,1956.3,1956.7,1957.5,1958.8,1956.8,1957.1
202008281938,1956.8,1958.3,1955.5,1956.8,1957.3,1958.8,1956.1,1957.2
202008281939,1956.8,1956.8,1954.4,1956.3,1957.2,1957.3,1955,1956.8
202008281940,1956.3,1956.3,1955.4,1955.7,1956.8,1956.8,1955.8,1956.2
202008281941,1955.7,1955.7,1955.3,1955.4,1956.2,1956.2,1955.8,1955.9
202008281942,1955.5,1957,1955.5,1956.5,1956,1957.4,1956,1957
202008281943,1956.5,1957,1956.4,1956.9,1957,1957.6,1956.9,1957.5
202008281944,1956.9,1957,1956,1956.2,1957.5,1957.6,1956.6,1956.6
202008281945,1956.1,1957.2,1956.1,1956.8,1956.5,1957.7,1956.5,1957.4
202008281946,1956.8,1957.2,1956.7,1956.9,1957.4,1957.8,1957.2,1957.3
202008281947,1956.9,1957.9,1956.9,1957.7,1957.3,1958.3,1957.3,1958.2
202008281948,1957.7,1958,1956.5,1956.7,1958.2,1958.5,1957,1957.2
202008281949,1956.7,1957.5,1956.5,1956.7,1957.2,1958,1957.2,1957.3
202008281950,1956.7,1957.7,1956.2,1957.7,1957.3,1958.2,1956.9,1958.1
202008281951,1957.7,1958.1,1957.5,1958,1958.1,1958.7,1958.1,1958.5
202008281952,1957.9,1958.5,1957.8,1958.3,1958.5,1958.9,1958.2,1958.8
202008281953,1958.3,1958.4,1957.8,1958.1,1958.8,1958.9,1958.3,1958.5
202008281954,1958.1,1958.1,1957.7,1957.8,1958.5,1958.6,1958.1,1958.3
202008281955,1957.9,1958.4,1956.9,1958.1,1958.3,1958.9,1957.3,1958.5
202008281956,1958.1,1958.5,1958,1958.2,1958.5,1959,1958.5,1958.8
202008281957,1958.2,1958.3,1957.8,1957.9,1958.8,1958.8,1958.3,1958.3
202008281958,1958,1958.5,1957.9,1958,1958.4,1959,1958.3,1958.4
202008281959,1958,1958.1,1957.7,1957.7,1958.4,1958.6,1958.3,1958.4
202008282000,1957.7,1957.9,1956.6,1957.4,1958.3,1958.3,1957,1957.8
202008282001,1957.4,1957.4,1956.4,1957,1957.8,1957.9,1956.9,1957.5
202008282002,1957,1957.8,1956.9,1957.3,1957.5,1958.3,1957.4,1957.8
202008282003,1957.3,1957.5,1956.9,1957.1,1957.7,1958,1957.4,1957.6
202008282004,1957.2,1958.6,1957.1,1957.9,1957.6,1959.1,1957.6,1958.3
202008282005,1957.8,1958.4,1957.4,1957.4,1958.3,1958.8,1957.8,1957.8
202008282006,1957.4,1957.8,1956.9,1956.9,1957.8,1958.2,1957.3,1957.3
202008282007,1956.9,1957.6,1956.8,1957.2,1957.3,1958,1957.2,1957.6
202008282008,1957.2,1958,1956.9,1958,1957.6,1958.4,1957.3,1958.4
202008282009,1958,1958.5,1957.2,1957.2,1958.5,1958.9,1957.7,1957.7
202008282010,1957.2,1958.2,1957.2,1957.8,1957.7,1958.7,1957.7,1958.2
202008282011,1957.8,1958.3,1957.7,1958.2,1958.2,1958.7,1958.1,1958.6
202008282012,1958.2,1958.8,1958.1,1958.4,1958.6,1959.2,1958.5,1958.8
202008282013,1958.4,1958.6,1958.2,1958.5,1958.8,1959,1958.7,1958.9
202008282014,1958.5,1958.6,1958.1,1958.2,1958.9,1959,1958.5,1958.6
202008282015,1958.2,1958.5,1957.8,1957.9,1958.6,1959,1958.2,1958.3
202008282016,1957.9,1958,1957.7,1958,1958.3,1958.4,1958.1,1958.4
202008282017,1958,1958.5,1957.7,1958.1,1958.4,1958.9,1958.1,1958.5
202008282018,1958.1,1958.2,1957.6,1957.8,1958.5,1958.6,1958,1958.2
202008282019,1957.8,1958.6,1957.8,1958.3,1958.2,1959,1958.2,1958.7
202008282020,1958.3,1958.7,1958,1958.7,1958.7,1959.1,1958.4,1959.1
202008282021,1958.7,1958.7,1958.3,1958.5,1959.1,1959.1,1958.7,1958.9
202008282022,1958.6,1958.8,1958.5,1958.8,1959,1959.2,1958.9,1959.2
202008282023,1958.8,1958.8,1958.6,1958.8,1959.2,1959.2,1959,1959.2
202008282024,1958.8,1959,1958.7,1959,1959.2,1959.4,1959.1,1959.4
202008282025,1959,1960.4,1958.9,1960.4,1959.4,1960.8,1959.3,1960.8
202008282026,1960.4,1960.8,1959.2,1959.5,1960.8,1961.4,1959.7,1960.1
202008282027,1959.5,1960,1959,1959.3,1960.1,1960.4,1959.4,1959.8
202008282028,1959.3,1959.5,1959.1,1959.4,1959.8,1960,1959.6,1959.9
202008282029,1959.4,1960.7,1959.4,1960.3,1959.9,1961.1,1959.9,1960.8
202008282030,1960.4,1961.9,1959.9,1961.7,1960.8,1962.4,1960.3,1962.1
202008282031,1961.7,1961.8,1961,1961.3,1962.1,1962.2,1961.5,1961.7
202008282032,1961.3,1961.8,1961.3,1961.6,1961.7,1962.2,1961.7,1962
202008282033,1961.7,1961.9,1961.5,1961.5,1962.1,1962.3,1961.9,1962
202008282034,1961.5,1961.8,1961.1,1961.2,1962,1962.2,1961.5,1961.6
202008282035,1961.2,1961.6,1961.2,1961.6,1961.6,1962,1961.6,1962
202008282036,1961.6,1961.9,1961.6,1961.8,1962,1962.3,1962,1962.2
202008282037,1961.8,1962,1961.5,1961.7,1962.2,1962.4,1961.9,1962.1
202008282038,1961.8,1963.9,1961.6,1963.8,1962.2,1964.3,1962,1964.2
202008282039,1963.9,1964.2,1963.4,1963.9,1964.3,1964.6,1963.8,1964.3
202008282040,1963.9,1964,1962.6,1962.6,1964.3,1964.4,1963,1963
202008282041,1962.6,1963.1,1962.5,1962.7,1963,1963.5,1962.9,1963.1
202008282042,1962.7,1962.7,1961.3,1961.5,1963.1,1963.1,1961.7,1961.9
202008282043,1961.5,1962.4,1961,1961.6,1961.9,1962.9,1961.4,1962
202008282044,1961.6,1961.6,1960.7,1961.1,1962,1962,1961.1,1961.5
202008282045,1961.1,1962.1,1960.9,1962,1961.5,1962.5,1961.3,1962.4
202008282046,1962,1962.7,1962,1962.2,1962.4,1963.1,1962.4,1962.6
202008282047,1962.2,1962.2,1961.4,1961.8,1962.6,1962.6,1961.8,1962.2
202008282048,1961.8,1962.3,1960.9,1961,1962.2,1962.7,1961.3,1961.4
202008282049,1960.9,1961.3,1960.6,1961.2,1961.3,1961.7,1961,1961.6
202008282050,1961.2,1961.4,1960.9,1961,1961.6,1961.8,1961.3,1961.4
202008282051,1961.1,1961.5,1960.7,1960.8,1961.5,1961.9,1961.1,1961.2
202008282052,1960.8,1961,1960.6,1960.8,1961.2,1961.4,1961,1961.2
202008282053,1960.8,1961.2,1960.5,1960.5,1961.2,1961.6,1960.9,1960.9
202008282054,1960.5,1960.9,1960.5,1960.7,1960.9,1961.3,1960.9,1961.1
202008282055,1960.7,1960.8,1960.4,1960.5,1961.1,1961.2,1960.8,1961
202008282056,1960.5,1961.5,1960.5,1961.1,1960.9,1961.9,1960.9,1961.5
202008282057,1961,1962.4,1961,1962.2,1961.4,1962.8,1961.4,1962.6
202008282058,1962.3,1962.7,1962.2,1962.5,1962.7,1963.1,1962.6,1962.9
202008282059,1962.5,1962.6,1961.5,1962.3,1962.9,1963,1961.9,1962.7
202008282100,1962.3,1962.6,1959.8,1960.7,1962.7,1963,1960.3,1961.1
202008282101,1960.7,1961.2,1959.9,1960.5,1961.1,1961.6,1960.4,1960.9
202008282102,1960.5,1962.4,1960.5,1962.4,1960.9,1962.8,1960.9,1962.8
202008282103,1962.4,1962.4,1961.8,1961.8,1962.8,1962.8,1962.2,1962.2
202008282104,1961.8,1962.7,1961.2,1961.7,1962.2,1963.1,1961.6,1962.1
202008282105,1961.6,1962.4,1961,1961.3,1962,1962.8,1961.5,1961.7
202008282106,1961.2,1961.4,1961,1961.2,1961.7,1961.8,1961.4,1961.6
202008282107,1961.3,1961.4,1960.4,1960.6,1961.7,1961.8,1960.8,1961.1
202008282108,1960.6,1961.1,1959.7,1961,1961.1,1961.5,1960.2,1961.4
202008282109,1961,1961.1,1959.5,1959.7,1961.4,1961.5,1959.9,1960.1
202008282110,1959.7,1959.7,1957.6,1958.2,1960.1,1960.1,1958.1,1958.7
202008282111,1958.2,1958.8,1957.7,1958.2,1958.7,1959.3,1958.2,1958.6
202008282112,1958.2,1959,1958.2,1958.7,1958.6,1959.4,1958.6,1959.1
202008282113,1958.7,1959.2,1958.6,1959,1959.1,1959.6,1959,1959.4
202008282114,1959,1959,1956.7,1957.4,1959.4,1959.4,1957.2,1957.8
202008282115,1957.4,1958.4,1957.3,1957.8,1957.8,1958.8,1957.7,1958.2
202008282116,1957.8,1958.7,1957.8,1958.7,1958.2,1959.2,1958.2,1959.1
202008282117,1958.7,1959,1958.5,1958.9,1959.1,1959.4,1958.9,1959.3
202008282118,1958.9,1959.2,1958.7,1959.1,1959.3,1959.6,1959.1,1959.5
202008282119,1959.1,1960.5,1959,1960.3,1959.5,1960.9,1959.4,1960.7
202008282120,1960.3,1962.6,1960.3,1961.7,1960.7,1963,1960.7,1962.1
202008282121,1961.7,1962.7,1961.7,1962.2,1962.1,1963.1,1962.1,1962.6
202008282122,1962.2,1962.2,1961.1,1961.3,1962.6,1962.7,1961.5,1961.8
202008282123,1961.3,1962.5,1961.2,1962.3,1961.8,1962.9,1961.6,1962.7
202008282124,1962.2,1962.4,1961.3,1961.5,1962.6,1962.8,1961.7,1961.9
202008282125,1961.5,1962.2,1961.1,1962.2,1961.9,1962.6,1961.5,1962.6
202008282126,1962.2,1962.5,1962,1962.3,1962.6,1962.9,1962.4,1962.7
202008282127,1962.3,1962.5,1961.3,1962.3,1962.7,1962.9,1961.7,1962.7
202008282128,1962.3,1962.9,1962.2,1962.8,1962.7,1963.3,1962.6,1963.2
202008282129,1962.7,1962.9,1962.2,1962.6,1963.1,1963.5,1962.6,1963.1
202008282130,1962.6,1964.5,1962.4,1963.5,1963.1,1965,1962.9,1964.1
202008282131,1963.5,1963.5,1959.4,1960.7,1964.1,1964.1,1959.9,1961.3
202008282132,1960.7,1960.8,1960,1960.6,1961.3,1961.4,1960.5,1961.1
202008282133,1960.7,1960.7,1958.6,1959.2,1961.2,1961.2,1959.1,1959.6
202008282134,1959.2,1959.8,1958.8,1959,1959.6,1960.2,1959.2,1959.4
202008282135,1959.1,1959.2,1958.3,1958.3,1959.5,1959.6,1958.7,1958.7
202008282136,1958.2,1958.4,1956.1,1956.7,1958.6,1958.8,1956.5,1957.1
202008282137,1956.8,1957,1955.1,1955.2,1957.2,1957.6,1955.6,1955.7
202008282138,1955.2,1956,1954.4,1954.8,1955.7,1956.5,1954.9,1955.2
202008282139,1954.8,1955,1952.6,1952.8,1955.2,1955.4,1953.1,1953.3
202008282140,1952.9,1955.6,1952.9,1955.2,1953.3,1956.2,1953.3,1955.7
202008282141,1955.2,1955.8,1954.4,1955.4,1955.7,1956.2,1954.8,1955.9
202008282142,1955.5,1956.6,1955.5,1956,1955.9,1957,1955.9,1956.4
202008282143,1956,1956.6,1956,1956.3,1956.4,1957,1956.4,1956.7
202008282144,1956.3,1957.4,1954.5,1954.6,1956.7,1957.8,1955,1955
202008282145,1954.5,1957.1,1954.3,1956.9,1954.9,1957.5,1954.8,1957.3
202008282146,1956.9,1957.2,1955.8,1955.8,1957.4,1957.6,1956.2,1956.2
202008282147,1955.8,1957.2,1955.8,1957,1956.2,1957.6,1956.2,1957.4
202008282148,1957.1,1957.2,1956.4,1956.5,1957.5,1957.6,1956.8,1956.9
202008282149,1956.5,1958.2,1956.4,1957.7,1956.9,1958.6,1956.8,1958.1
202008282150,1957.7,1958.2,1957.4,1957.7,1958.1,1958.6,1957.8,1958.1
202008282151,1957.7,1957.9,1954.8,1955.3,1958.1,1958.3,1955.2,1955.7
202008282152,1955.3,1955.6,1953.3,1953.3,1955.7,1956,1953.7,1953.7
202008282153,1953.3,1954,1952.7,1953.6,1953.7,1954.4,1953.1,1954.1
202008282154,1953.7,1954.3,1953.7,1953.9,1954.1,1954.7,1954.1,1954.3
202008282155,1954,1954.4,1952.9,1953,1954.4,1954.9,1953.3,1953.4
202008282156,1953,1954.3,1952.4,1954.2,1953.4,1954.7,1952.8,1954.6
202008282157,1954.2,1954.5,1953.9,1954,1954.6,1954.9,1954.3,1954.4
202008282158,1954,1957,1953.9,1956.3,1954.4,1957.5,1954.3,1956.7
202008282159,1956.3,1956.3,1955,1955.3,1956.7,1956.7,1955.4,1955.7
202008282200,1955.3,1956.2,1954.6,1955.9,1955.7,1956.7,1955,1956.4
202008282201,1955.9,1957.3,1955.8,1957.2,1956.3,1957.7,1956.3,1957.6
202008282202,1957.2,1957.7,1954.9,1955.5,1957.6,1958.1,1955.4,1955.9
202008282203,1955.4,1955.4,1950.9,1951.8,1955.8,1955.8,1951.4,1952.5
202008282204,1951.8,1953.4,1951.8,1953.2,1952.5,1953.9,1952.5,1953.6
202008282205,1953.2,1953.3,1951,1951.4,1953.6,1953.7,1951.4,1951.9
202008282206,1951.4,1953.3,1951.3,1953.2,1951.9,1953.7,1951.8,1953.6
202008282207,1953.2,1953.2,1950.7,1951.2,1953.6,1953.6,1951.1,1951.6
202008282208,1951.1,1953.1,1951.1,1952.8,1951.5,1953.6,1951.5,1953.3
202008282209,1952.8,1953.1,1952,1952.4,1953.2,1953.6,1952.4,1952.9
202008282210,1952,1953.1,1951.5,1952.5,1952.4,1953.6,1952,1952.9
202008282211,1952.5,1953.8,1952,1953.7,1952.9,1954.3,1952.5,1954.1
202008282212,1953.6,1954.5,1953.5,1953.7,1954,1955,1954,1954.1
202008282213,1953.6,1954.5,1952.8,1953.6,1954,1955,1953.3,1954.1
202008282214,1953.6,1954.7,1952.9,1954.6,1954,1955.2,1953.3,1955.1
202008282215,1954.6,1956.5,1954,1956.5,1955.1,1957,1954.5,1956.9
202008282216,1956.5,1958.4,1956.5,1958.1,1957,1958.8,1957,1958.5
202008282217,1958.1,1958.4,1957.7,1957.9,1958.5,1958.8,1958.2,1958.4
202008282218,1958,1958.1,1957.4,1957.7,1958.4,1958.5,1957.8,1958.1
202008282219,1957.7,1957.9,1957,1957.5,1958.1,1958.3,1957.4,1957.9
202008282220,1957.5,1957.9,1956.2,1957.6,1957.9,1958.4,1956.6,1958
202008282221,1957.6,1958.7,1957.6,1958.4,1958,1959.1,1958,1958.8
202008282222,1958.3,1959.2,1957.8,1958.1,1958.8,1959.6,1958.2,1958.5
202008282223,1958.2,1959.2,1956.3,1958.8,1958.6,1959.6,1956.7,1959.2
202008282224,1958.8,1959.1,1958.5,1958.9,1959.2,1959.5,1958.9,1959.3
202008282225,1958.9,1958.9,1957.6,1958.9,1959.3,1959.3,1958,1959.3
202008282226,1958.9,1958.9,1957.8,1958.5,1959.3,1959.4,1958.3,1958.9
202008282227,1958.6,1958.8,1958.1,1958.5,1959,1959.2,1958.5,1958.9
202008282228,1958.5,1959.5,1958.3,1959.5,1958.9,1959.9,1958.7,1959.9
202008282229,1959.4,1959.8,1958.9,1958.9,1959.8,1960.2,1959.3,1959.3
202008282230,1958.9,1959.8,1957.1,1959.6,1959.3,1960.3,1957.5,1960
202008282231,1959.5,1959.9,1956.6,1956.8,1959.9,1960.3,1957,1957.3
202008282232,1956.8,1958.6,1956.4,1958.6,1957.3,1959.2,1956.8,1959.1
202008282233,1958.7,1960.4,1958.7,1960.2,1959.1,1960.8,1959.1,1960.6
202008282234,1960.1,1960.5,1959.5,1959.9,1960.6,1960.9,1960,1960.3
202008282235,1959.8,1960.6,1959.8,1960.1,1960.2,1961,1960.2,1960.5
202008282236,1960.1,1960.5,1959.2,1959.9,1960.5,1960.9,1959.6,1960.4
202008282237,1959.9,1960.4,1958.3,1958.6,1960.4,1960.8,1958.8,1959
202008282238,1958.6,1959.1,1957.5,1958.8,1959.1,1959.6,1958,1959.3
202008282239,1958.8,1958.9,1956.7,1957,1959.3,1959.3,1957.2,1957.4
202008282240,1957,1959,1957,1957.9,1957.5,1959.4,1957.5,1958.3
202008282241,1957.9,1958.6,1956.6,1956.9,1958.3,1959,1957,1957.4
202008282242,1957,1957.7,1955.6,1956,1957.4,1958.1,1956.1,1956.6
202008282243,1956,1956.5,1955,1955.6,1956.5,1956.9,1955.4,1956
202008282244,1955.6,1957.9,1955.6,1957.7,1956,1958.3,1956,1958.1
202008282245,1957.6,1959.9,1956.7,1959.7,1958,1960.5,1957.1,1960.3
202008282246,1959.7,1960.2,1959.1,1959.9,1960.2,1960.8,1959.5,1960.3
202008282247,1959.8,1960.7,1959,1959.3,1960.2,1961.1,1959.5,1959.9
202008282248,1959.3,1960.2,1959.2,1959.8,1959.9,1960.6,1959.6,1960.2
202008282249,1959.8,1960.1,1955.9,1956.2,1960.2,1960.5,1956.4,1956.6
202008282250,1956.1,1956.2,1954.2,1954.9,1956.6,1956.6,1954.6,1955.4
202008282251,1954.9,1956.6,1954.9,1956.5,1955.4,1957.1,1955.4,1957.1
202008282252,1956.6,1957.5,1956,1956.7,1957.1,1958,1956.6,1957.2
202008282253,1956.8,1958,1956.7,1957.9,1957.3,1958.4,1957.3,1958.3
202008282254,1957.9,1958.5,1957,1957.2,1958.3,1958.9,1957.5,1957.6
202008282255,1957.2,1960,1956.4,1960,1957.6,1960.5,1956.9,1960.5
202008282256,1960,1960.1,1959.6,1959.6,1960.5,1960.5,1960,1960
202008282257,1959.6,1960.4,1959.6,1960.4,1960,1960.8,1960,1960.8
202008282258,1960.4,1960.4,1959.8,1960.1,1960.8,1960.8,1960.2,1960.5
202008282259,1960.1,1960.7,1958.8,1959.2,1960.5,1961.1,1959.2,1959.6
202008282300,1959.3,1959.3,1955.8,1957,1959.7,1959.7,1956.2,1957.4
202008282301,1956.9,1957.7,1956,1957.3,1957.3,1958.3,1956.5,1957.7
202008282302,1957.3,1958,1957,1957.7,1957.7,1958.6,1957.4,1958.1
202008282303,1957.7,1959.1,1957.7,1959,1958.1,1959.6,1958.1,1959.4
202008282304,1959,1959,1955.7,1956.1,1959.4,1959.4,1956.2,1956.6
202008282305,1956.1,1957,1955.4,1956.5,1956.6,1957.5,1955.9,1957
202008282306,1956.5,1959.3,1955.8,1955.9,1957,1959.7,1956.2,1956.3
202008282307,1956,1956,1954.5,1954.8,1956.4,1956.4,1954.9,1955.2
202008282308,1954.8,1955.4,1952.9,1952.9,1955.2,1955.8,1953.3,1953.3
202008282309,1952.9,1954.4,1952.7,1953.9,1953.3,1954.9,1953.2,1954.3
202008282310,1953.9,1954,1952.9,1953.5,1954.3,1954.4,1953.3,1953.9
202008282311,1953.5,1955.2,1953.5,1953.7,1953.9,1955.7,1953.9,1954.2
202008282312,1953.7,1955.3,1953.7,1954.4,1954.2,1955.8,1954.2,1954.9
202008282313,1954.4,1957.1,1954.4,1955.1,1954.9,1957.6,1954.9,1955.5
202008282314,1955.1,1955.1,1953.9,1954.6,1955.6,1955.6,1954.3,1955
202008282315,1954.6,1956,1953.2,1955.7,1955,1956.5,1953.6,1956.2
202008282316,1955.9,1956,1954.2,1955.8,1956.3,1956.4,1954.6,1956.3
202008282317,1955.8,1956.1,1953.9,1954.4,1956.3,1956.5,1954.3,1954.9
202008282318,1954.4,1955.5,1954.3,1955.1,1954.8,1955.9,1954.7,1955.5
202008282319,1955.1,1955.6,1954.4,1955.1,1955.5,1956,1954.9,1955.5
202008282320,1955.1,1955.9,1954.3,1955.3,1955.6,1956.4,1954.7,1955.7
202008282321,1955.2,1956.4,1955.1,1956.1,1955.7,1956.9,1955.6,1956.5
202008282322,1956.1,1957.9,1956.1,1957.2,1956.5,1958.3,1956.5,1957.6
202008282323,1957.2,1957.2,1955.7,1955.9,1957.6,1957.7,1956.1,1956.4
202008282324,1956,1956.3,1954.6,1955.1,1956.4,1956.8,1955,1955.5
202008282325,1955,1957.9,1955,1957.6,1955.4,1958.3,1955.4,1958
202008282326,1957.6,1960.2,1957.6,1959.7,1958,1960.6,1958,1960.1
202008282327,1959.7,1959.7,1958.4,1959.1,1960.1,1960.1,1958.8,1959.5
202008282328,1959,1959.6,1958.7,1959.6,1959.4,1960,1959.2,1960
202008282329,1959.6,1960,1958.1,1958.4,1960,1960.4,1958.6,1958.8
202008282330,1958.4,1959.3,1958,1958.3,1958.8,1959.7,1958.4,1958.7
202008282331,1958.3,1959.3,1957.3,1958.7,1958.7,1959.8,1957.7,1959.1
202008282332,1958.7,1959,1957.8,1958.6,1959.1,1959.5,1958.2,1959
202008282333,1958.6,1959.4,1956.3,1956.9,1959,1959.8,1956.7,1957.3
202008282334,1957,1958.6,1956.6,1958.5,1957.4,1959,1957,1958.9
202008282335,1958.5,1958.8,1956.7,1957.1,1958.9,1959.2,1957.2,1957.5
202008282336,1957.1,1957.3,1956,1956.1,1957.5,1957.8,1956.5,1956.5
202008282337,1956.1,1957.3,1956,1957.1,1956.5,1957.8,1956.5,1957.5
202008282338,1957.1,1958.4,1956.2,1957.9,1957.5,1958.9,1956.6,1958.3
202008282339,1957.9,1958.6,1957.5,1957.9,1958.3,1959,1957.9,1958.3
202008282340,1957.9,1959.1,1956.4,1957.9,1958.3,1959.5,1956.8,1958.3
202008282341,1957.8,1957.9,1957.2,1957.5,1958.2,1958.3,1957.6,1957.9
202008282342,1957.4,1958.4,1957.3,1957.9,1957.8,1958.9,1957.7,1958.3
202008282343,1957.9,1958.4,1957.3,1957.7,1958.3,1958.8,1957.7,1958.1
202008282344,1957.8,1958.3,1956.8,1956.8,1958.2,1958.7,1957.3,1957.3
202008282345,1956.9,1958.7,1956.9,1958.7,1957.4,1959.2,1957.3,1959.2
202008282346,1958.9,1959.2,1958.4,1958.6,1959.3,1959.6,1958.8,1959
202008282347,1958.5,1958.8,1957.5,1958.8,1958.9,1959.3,1957.9,1959.3
202008282348,1959,1961.5,1958.9,1961.2,1959.5,1961.9,1959.3,1961.6
202008282349,1961.3,1962.6,1961.1,1962.1,1961.7,1963.1,1961.5,1962.6
202008282350,1962.1,1963,1960.1,1961,1962.6,1963.5,1960.6,1961.4
202008282351,1961,1961.8,1959.5,1960.6,1961.4,1962.3,1959.9,1961
202008282352,1960.6,1961.2,1960,1960.8,1961,1961.7,1960.4,1961.2
202008282353,1960.8,1962.1,1960.5,1962.1,1961.2,1962.5,1960.9,1962.5
202008282354,1962.1,1962.9,1961.9,1962.6,1962.5,1963.3,1962.3,1963
202008282355,1962.7,1964.2,1962.5,1963.9,1963.1,1964.6,1962.9,1964.3
202008282356,1963.9,1964.1,1963.3,1963.6,1964.3,1964.5,1963.7,1964
202008282357,1963.6,1963.8,1961.5,1961.5,1964,1964.2,1961.9,1961.9
202008282358,1961.5,1961.8,1960.4,1961.3,1962,1962.2,1960.9,1961.9
202008282359,1961.3,1961.6,1959.7,1961.5,1961.9,1962,1960.1,1961.9
202008290000,1961.5,1961.7,1960.4,1961.2,1961.9,1962.1,1960.8,1961.6
202008290001,1961.2,1961.8,1960.9,1961.1,1961.6,1962.2,1961.3,1961.5
202008290002,1961.1,1962.1,1959.5,1960.2,1961.5,1962.5,1959.9,1960.6
202008290003,1960.2,1961.6,1959.8,1961.3,1960.6,1962,1960.2,1961.7
202008290004,1961.3,1961.8,1960.8,1961.8,1961.7,1962.3,1961.2,1962.2
202008290005,1961.8,1963.8,1961.8,1963.7,1962.2,1964.2,1962.2,1964.1
202008290006,1963.7,1964.2,1963.1,1963.1,1964.1,1964.6,1963.5,1963.5
202008290007,1963,1963.8,1962.1,1962.3,1963.4,1964.2,1962.5,1962.8
202008290008,1962.4,1962.8,1961.3,1962.7,1962.8,1963.2,1961.7,1963.2
202008290009,1962.7,1963.2,1962.1,1962.9,1963.2,1963.6,1962.5,1963.3
202008290010,1962.9,1963.4,1961.9,1963.4,1963.3,1963.9,1962.4,1963.9
202008290011,1963.4,1964.6,1963.4,1964.1,1963.9,1965,1963.9,1964.6
202008290012,1964.2,1965.9,1963.8,1965.7,1964.6,1966.4,1964.2,1966.2
202008290013,1965.7,1966.9,1965.2,1966.9,1966.2,1967.4,1965.7,1967.3
202008290014,1966.9,1967,1965.7,1966.2,1967.3,1967.6,1966.2,1966.6
202008290015,1966.2,1967.4,1966,1966.4,1966.7,1968,1966.4,1966.8
202008290016,1966.4,1967.4,1966.3,1967,1966.8,1968,1966.7,1967.4
202008290017,1967,1967,1965,1965.4,1967.4,1967.4,1965.5,1965.8
202008290018,1965.4,1965.4,1963.9,1964.2,1965.8,1965.9,1964.3,1964.7
202008290019,1964.2,1965.8,1964.2,1964.9,1964.7,1966.4,1964.7,1965.4
202008290020,1964.9,1965.4,1964.7,1965.3,1965.4,1965.9,1965.2,1965.7
202008290021,1965.3,1966.5,1965.3,1966.2,1965.7,1967,1965.7,1966.7
202008290022,1966.2,1966.8,1965.6,1966.7,1966.7,1967.2,1966.2,1967.1
202008290023,1966.7,1966.8,1965.2,1965.6,1967.1,1967.2,1965.7,1966
202008290024,1965.7,1966.9,1965.7,1966.6,1966.1,1967.4,1966.1,1967.1
202008290025,1966.6,1966.9,1966.3,1966.7,1967.1,1967.3,1966.7,1967.1
202008290026,1966.7,1967.9,1966.7,1967.6,1967.1,1968.5,1967.1,1968
202008290027,1967.7,1968.5,1967.4,1968,1968.1,1969.1,1967.9,1968.4
202008290028,1968,1968.6,1967.4,1967.6,1968.4,1969,1967.8,1968
202008290029,1967.6,1968.6,1967.3,1968.4,1968,1969,1967.7,1968.8
202008290030,1968.4,1968.9,1968.2,1968.5,1968.8,1969.5,1968.6,1968.9
202008290031,1968.5,1968.5,1967.2,1968.3,1968.9,1969.1,1967.6,1968.7
202008290032,1968.3,1969.5,1967.7,1969.1,1968.7,1970,1968.1,1969.5
202008290033,1969.1,1970.5,1968.6,1970.5,1969.5,1971.1,1969.1,1971
202008290034,1970.5,1970.8,1970.1,1970.5,1971,1971.2,1970.6,1970.9
202008290035,1970.5,1971.6,1970.3,1970.4,1970.9,1972.1,1970.7,1970.8
202008290036,1970.4,1971.5,1970.4,1971.3,1970.8,1972,1970.8,1971.7
202008290037,1971.3,1972,1970.5,1970.7,1971.7,1972.4,1971,1971.1
202008290038,1970.7,1972.8,1970.6,1972.3,1971.1,1973.2,1971.1,1972.7
202008290039,1972.3,1972.4,1971.1,1971.2,1972.7,1972.8,1971.5,1971.6
202008290040,1971.2,1971.6,1970.2,1970.4,1971.6,1972,1970.6,1970.8
202008290041,1970.3,1970.3,1969,1969.1,1970.7,1970.7,1969.4,1969.5
202008290042,1969.1,1969.3,1968.7,1969.2,1969.5,1969.8,1969.1,1969.7
202008290043,1969.3,1969.6,1968.7,1969.4,1969.7,1970,1969.1,1969.8
202008290044,1969.4,1969.6,1968.5,1968.7,1969.8,1970,1968.9,1969.1
202008290045,1968.8,1969.5,1968.3,1968.6,1969.2,1969.9,1968.7,1969
202008290046,1968.6,1969.3,1968.5,1968.9,1969,1969.7,1968.9,1969.3
202008290047,1968.8,1969.1,1968.2,1968.6,1969.2,1969.5,1968.6,1969
202008290048,1968.6,1969,1968.6,1968.9,1969,1969.4,1969,1969.3
202008290049,1969,1969.2,1968,1968.1,1969.4,1969.6,1968.4,1968.5
202008290050,1968.1,1968.2,1967.5,1967.7,1968.5,1968.6,1967.9,1968.1
202008290051,1967.7,1968.3,1967.7,1967.8,1968.1,1968.7,1968.1,1968.2
202008290052,1967.8,1968.4,1967.7,1968.4,1968.2,1968.8,1968.1,1968.8
202008290053,1968.4,1969.2,1968.4,1968.8,1968.8,1969.6,1968.8,1969.2
202008290054,1968.8,1969.3,1968.7,1968.9,1969.2,1969.7,1969.1,1969.3
202008290055,1968.9,1969.5,1968.6,1969.2,1969.3,1969.9,1969,1969.6
202008290056,1969.2,1969.7,1969.2,1969.6,1969.6,1970.1,1969.6,1970
202008290057,1969.7,1970.3,1969.5,1970.2,1970.1,1970.7,1969.9,1970.6
202008290058,1970.2,1970.6,1969.5,1969.7,1970.6,1971,1969.9,1970.1
202008290059,1969.8,1969.9,1968.2,1968.4,1970.2,1970.3,1968.6,1968.8
202008290100,1968.3,1969.3,1967.9,1969,1968.7,1969.7,1968.3,1969.4
202008290101,1969,1970.1,1969,1969.8,1969.4,1970.5,1969.4,1970.2
202008290102,1969.8,1970.2,1969.8,1970.1,1970.2,1970.6,1970.2,1970.5
202008290103,1970.1,1970.6,1970.1,1970.5,1970.5,1971,1970.5,1970.9
202008290104,1970.5,1971.3,1970.4,1970.7,1970.9,1971.7,1970.8,1971.1
202008290105,1970.7,1970.7,1970.1,1970.5,1971.1,1971.1,1970.5,1970.9
202008290106,1970.5,1970.7,1969.8,1970.3,1970.9,1971.1,1970.2,1970.7
202008290107,1970.3,1970.5,1969.6,1969.8,1970.7,1970.9,1970,1970.2
202008290108,1969.7,1970,1969.6,1969.8,1970.1,1970.4,1970,1970.2
202008290109,1969.8,1971.6,1969.8,1971.3,1970.2,1972,1970.2,1971.7
202008290110,1971.3,1973.3,1971.2,1973.2,1971.7,1973.9,1971.6,1973.6
202008290111,1973.2,1973.3,1972,1972,1973.6,1973.7,1972.4,1972.4
202008290112,1972,1972.5,1972,1972.1,1972.4,1972.9,1972.4,1972.5
202008290113,1972.1,1972.4,1971.4,1971.5,1972.5,1972.8,1971.8,1971.9
202008290114,1971.5,1972.1,1971.5,1971.5,1971.9,1972.5,1971.9,1971.9
202008290115,1971.5,1972.6,1971.4,1972.4,1971.9,1973,1971.8,1972.8
202008290116,1972.4,1972.4,1972.1,1972.1,1972.8,1972.8,1972.5,1972.5
202008290117,1972.2,1972.6,1972,1972.5,1972.6,1973,1972.4,1972.9
202008290118,1972.5,1972.9,1972.5,1972.8,1972.9,1973.3,1972.9,1973.2
202008290119,1972.8,1973.6,1972.7,1972.9,1973.2,1974,1973.1,1973.3
202008290120,1972.9,1973.2,1972.4,1972.9,1973.3,1973.6,1972.8,1973.3
202008290121,1972.9,1973.1,1972.6,1972.8,1973.3,1973.5,1973,1973.2
202008290122,1972.8,1972.8,1972.1,1972.1,1973.2,1973.2,1972.5,1972.5
202008290123,1972.1,1972.1,1971.3,1971.8,1972.5,1972.5,1971.7,1972.2
202008290124,1971.8,1972.3,1971.8,1972,1972.2,1972.7,1972.2,1972.4
202008290125,1972,1972,1971.3,1971.7,1972.4,1972.4,1971.7,1972.1
202008290126,1971.7,1972.6,1971.7,1972.4,1972.1,1973,1972.1,1972.8
202008290127,1972.4,1972.8,1971.9,1972,1972.8,1973.2,1972.3,1972.5
202008290128,1972.1,1972.1,1971.5,1971.7,1972.5,1972.5,1972,1972.1
202008290129,1971.7,1972.1,1971.6,1971.7,1972.1,1972.5,1972,1972.1
202008290130,1971.7,1972.2,1971.6,1972.1,1972.1,1972.6,1972,1972.5
202008290131,1972.1,1972.3,1971.9,1972.3,1972.5,1972.7,1972.3,1972.7
202008290132,1972.4,1972.9,1971.4,1971.6,1972.8,1973.3,1971.8,1972
202008290133,1971.6,1971.9,1971.5,1971.6,1972,1972.3,1971.9,1972
202008290134,1971.7,1971.7,1970.6,1970.8,1972.1,1972.1,1971,1971.2
202008290135,1970.8,1971,1970.2,1970.6,1971.2,1971.4,1970.6,1971
202008290136,1970.6,1970.6,1969.6,1969.8,1971,1971,1970,1970.2
202008290137,1969.8,1970.3,1969.7,1970.2,1970.2,1970.7,1970.1,1970.6
202008290138,1970.2,1970.3,1969.5,1969.5,1970.6,1970.7,1969.9,1969.9
202008290139,1969.5,1969.7,1969.1,1969.1,1969.9,1970.1,1969.5,1969.5
202008290140,1969.1,1969.5,1969,1969,1969.5,1969.9,1969.4,1969.4
202008290141,1969,1969.3,1968.8,1969,1969.4,1969.7,1969.2,1969.4
202008290142,1969,1969.3,1968.9,1969.3,1969.4,1969.7,1969.3,1969.7
202008290143,1969.3,1969.9,1969.1,1969.2,1969.7,1970.3,1969.5,1969.6
202008290144,1969.2,1969.2,1967.7,1968.2,1969.6,1969.6,1968.1,1968.6
202008290145,1968.2,1969,1968.1,1969,1968.6,1969.4,1968.6,1969.4
202008290146,1969,1969.5,1969,1969.4,1969.4,1969.9,1969.4,1969.8
202008290147,1969.4,1969.7,1968.9,1969.3,1969.8,1970.1,1969.3,1969.7
202008290148,1969.3,1969.3,1968.3,1968.8,1969.7,1969.7,1968.7,1969.2
202008290149,1968.8,1969.2,1968.6,1968.6,1969.2,1969.6,1969,1969
202008290150,1968.6,1968.6,1967.7,1968.2,1969,1969,1968.1,1968.6
202008290151,1968.2,1969.4,1967.7,1969.1,1968.6,1969.8,1968.1,1969.5
202008290152,1969.1,1969.2,1968.2,1968.8,1969.5,1969.6,1968.6,1969.2
202008290153,1968.8,1968.9,1968.5,1968.9,1969.2,1969.3,1968.9,1969.3
202008290154,1968.9,1969.2,1968.6,1968.7,1969.3,1969.6,1969,1969.1
202008290155,1968.7,1969.3,1968.1,1969.1,1969.1,1969.7,1968.5,1969.5
202008290156,1969.1,1969.3,1968.2,1968.3,1969.5,1969.7,1968.6,1968.7
202008290157,1968.3,1969.1,1968.3,1969,1968.7,1969.5,1968.7,1969.4
202008290158,1969,1969.4,1969,1969.3,1969.4,1969.8,1969.4,1969.7
202008290159,1969.3,1969.9,1969.3,1969.5,1969.7,1970.3,1969.7,1969.9
202008290200,1969.5,1970,1969.2,1969.9,1969.9,1970.4,1969.6,1970.3
202008290201,1969.9,1970.1,1969.8,1970.1,1970.3,1970.5,1970.2,1970.5
202008290202,1970.1,1970.1,1969,1969.2,1970.5,1970.5,1969.4,1969.6
202008290203,1969.2,1969.2,1968.4,1969,1969.6,1969.6,1968.8,1969.4
202008290204,1969,1969.1,1968.6,1968.8,1969.4,1969.5,1969,1969.2
202008290205,1968.8,1969.7,1968.5,1968.9,1969.2,1970.1,1968.9,1969.3
202008290206,1968.9,1969.4,1968.5,1968.6,1969.3,1969.8,1968.9,1969
202008290207,1968.6,1968.8,1968.2,1968.6,1969,1969.2,1968.6,1969
202008290208,1968.6,1968.8,1967.4,1967.6,1969,1969.2,1967.8,1968
202008290209,1967.6,1967.7,1966.8,1967.2,1968,1968.1,1967.2,1967.6
202008290210,1967.2,1967.5,1967.2,1967.4,1967.6,1967.9,1967.6,1967.8
202008290211,1967.5,1967.5,1966.7,1966.9,1967.9,1967.9,1967.1,1967.3
202008290212,1966.9,1967,1965.1,1965.1,1967.3,1967.4,1965.6,1965.6
202008290213,1965.2,1966,1964.9,1965.6,1965.6,1966.4,1965.4,1966.1
202008290214,1965.7,1965.9,1964.9,1965.2,1966.1,1966.3,1965.3,1965.6
202008290215,1965.1,1965.8,1964.6,1965.8,1965.5,1966.3,1965,1966.2
202008290216,1965.8,1967,1965.6,1966.9,1966.2,1967.4,1966,1967.3
202008290217,1967,1967.1,1966.6,1966.9,1967.4,1967.5,1967,1967.3
202008290218,1966.9,1967.1,1966.4,1966.4,1967.3,1967.5,1966.8,1966.8
202008290219,1966.4,1966.8,1965.5,1965.5,1966.8,1967.2,1965.9,1965.9
202008290220,1965.3,1966.9,1965.3,1966,1965.8,1967.3,1965.8,1966.4
202008290221,1966,1966.2,1965.4,1965.6,1966.4,1966.6,1965.8,1966
202008290222,1965.6,1966.3,1965.4,1965.9,1966,1966.7,1965.8,1966.3
202008290223,1965.9,1967.1,1965.8,1966.8,1966.3,1967.5,1966.3,1967.2
202008290224,1966.8,1966.9,1966.1,1966.4,1967.2,1967.3,1966.5,1966.8
202008290225,1966.4,1966.5,1965.5,1966.5,1966.8,1966.9,1966,1966.9
202008290226,1966.5,1966.7,1966.4,1966.6,1966.9,1967.1,1966.8,1967
202008290227,1966.5,1967.1,1966.4,1966.6,1966.9,1967.5,1966.8,1967
202008290228,1966.7,1967.2,1966.1,1967.2,1967.1,1967.6,1966.5,1967.6
202008290229,1967.2,1967.5,1965.9,1965.9,1967.6,1967.9,1966.3,1966.3
202008290230,1965.9,1965.9,1964.7,1964.7,1966.3,1966.3,1965.1,1965.1
202008290231,1964.7,1964.8,1963.5,1964.3,1965.1,1965.2,1964,1964.7
202008290232,1964.3,1964.5,1964.1,1964.2,1964.7,1964.9,1964.5,1964.6
202008290233,1964.2,1964.7,1964.2,1964.7,1964.6,1965.1,1964.6,1965.1
202008290234,1964.7,1965.4,1964.7,1965.3,1965.1,1965.8,1965.1,1965.7
202008290235,1965.3,1966.1,1965.3,1965.4,1965.7,1966.5,1965.7,1965.8
202008290236,1965.6,1965.7,1964.9,1965.1,1966,1966.1,1965.3,1965.5
202008290237,1965.1,1965.5,1964.9,1965.2,1965.5,1965.9,1965.3,1965.6
202008290238,1965.1,1965.3,1964.1,1965.1,1965.5,1965.7,1964.6,1965.5
202008290239,1965.1,1965.4,1965,1965.2,1965.5,1965.8,1965.4,1965.6
202008290240,1965.2,1965.3,1964.5,1964.6,1965.6,1965.7,1964.9,1965
202008290241,1964.6,1964.7,1963.8,1964.3,1965,1965.1,1964.3,1964.8
202008290242,1964.2,1964.8,1964,1964.3,1964.7,1965.2,1964.5,1964.7
202008290243,1964.3,1964.5,1964.1,1964.2,1964.7,1964.9,1964.5,1964.6
202008290244,1964.2,1964.3,1963.7,1964.1,1964.6,1964.7,1964.1,1964.5
202008290245,1964.1,1964.3,1963.8,1963.8,1964.5,1964.8,1964.2,1964.3
202008290246,1963.8,1964.4,1962.1,1962.4,1964.3,1964.8,1962.6,1962.9
202008290247,1962.4,1962.6,1962.2,1962.3,1962.9,1963,1962.6,1962.7
202008290248,1962.3,1963.5,1962.2,1963.2,1962.7,1964,1962.6,1963.6
202008290249,1963.2,1963.6,1963,1963.4,1963.6,1964,1963.4,1963.8
202008290250,1963.4,1963.9,1963,1963,1963.8,1964.3,1963.4,1963.4
202008290251,1963,1963.1,1961.9,1962,1963.4,1963.5,1962.4,1962.4
202008290252,1961.9,1963,1961.9,1962.4,1962.3,1963.5,1962.3,1962.9
202008290253,1962.4,1962.5,1961.9,1962.1,1962.9,1963,1962.3,1962.5
202008290254,1962.1,1962.6,1962,1962.1,1962.5,1963.1,1962.4,1962.5
202008290255,1962.1,1962.3,1961.7,1961.9,1962.5,1962.7,1962.1,1962.3
202008290256,1961.8,1963.2,1961.8,1963.2,1962.3,1963.8,1962.3,1963.7
202008290257,1963.2,1963.4,1962.8,1963.1,1963.7,1963.8,1963.2,1963.5
202008290258,1963.1,1963.2,1962.8,1963,1963.5,1963.6,1963.2,1963.4
202008290259,1962.9,1963,1962.1,1962.8,1963.3,1963.4,1962.5,1963.2
202008290300,1962.8,1962.8,1961.9,1962.2,1963.2,1963.2,1962.3,1962.6
202008290301,1962.2,1962.4,1961.9,1962.2,1962.6,1962.8,1962.4,1962.6
202008290302,1962.3,1962.5,1962,1962.1,1962.7,1962.9,1962.4,1962.6
202008290303,1962.2,1962.5,1962.1,1962.4,1962.6,1962.9,1962.6,1962.8
202008290304,1962.4,1963.4,1962.3,1963.3,1962.8,1963.8,1962.7,1963.7
202008290305,1963.3,1963.5,1962.6,1962.7,1963.7,1963.9,1963,1963.2
202008290306,1962.7,1962.9,1962.4,1962.7,1963.2,1963.4,1962.8,1963.2
202008290307,1962.7,1963.3,1962.7,1963.3,1963.2,1963.7,1963.2,1963.7
202008290308,1963.3,1963.4,1962.7,1963.2,1963.7,1963.8,1963.1,1963.6
202008290309,1963.2,1963.3,1962.9,1963,1963.6,1963.7,1963.3,1963.4
202008290310,1963,1963.1,1962.3,1962.4,1963.4,1963.5,1962.7,1962.9
202008290311,1962.4,1962.6,1962,1962.2,1962.9,1963,1962.4,1962.6
202008290312,1962.2,1962.4,1961.8,1961.9,1962.6,1962.8,1962.2,1962.3
202008290313,1961.9,1962,1961.2,1961.2,1962.3,1962.4,1961.6,1961.6
202008290314,1961.2,1961.4,1961,1961.3,1961.6,1961.9,1961.4,1961.7
202008290315,1961.3,1961.5,1960.9,1961.1,1961.7,1961.9,1961.3,1961.5
202008290316,1961,1961.4,1960.7,1960.8,1961.5,1961.8,1961.2,1961.2
202008290317,1960.8,1961.2,1960.2,1960.2,1961.2,1961.6,1960.7,1960.7
202008290318,1960.3,1961.6,1960.3,1961.6,1960.7,1962,1960.7,1962
202008290319,1961.6,1962.3,1961.6,1962.3,1962,1962.7,1962,1962.7
202008290320,1962.3,1962.7,1962,1962.7,1962.7,1963.2,1962.5,1963.1
202008290321,1962.7,1963.9,1962.7,1963.9,1963.1,1964.3,1963.1,1964.3
202008290322,1963.9,1964.8,1963.6,1964.8,1964.3,1965.2,1964,1965.2
202008290323,1964.8,1965,1964.5,1964.7,1965.2,1965.4,1965,1965.1
202008290324,1964.7,1964.7,1964.5,1964.6,1965.1,1965.1,1964.9,1965
202008290325,1964.5,1964.8,1964.1,1964.8,1965,1965.2,1964.5,1965.2
202008290326,1964.7,1964.9,1964.1,1964.2,1965.1,1965.3,1964.5,1964.6
202008290327,1964.2,1964.8,1964.2,1964.7,1964.6,1965.2,1964.6,1965.1
202008290328,1964.6,1964.9,1964.6,1964.8,1965,1965.3,1965,1965.2
202008290329,1964.8,1965,1964.6,1965,1965.2,1965.4,1965,1965.4
202008290330,1965,1965.3,1964.9,1965,1965.4,1965.7,1965.3,1965.4
202008290331,1965,1965.6,1965,1965.4,1965.4,1966,1965.4,1965.8
202008290332,1965.4,1965.7,1965.3,1965.5,1965.8,1966.1,1965.7,1965.9
202008290333,1965.5,1965.8,1964.9,1965,1965.9,1966.2,1965.3,1965.4
202008290334,1965,1965.1,1964.8,1965,1965.4,1965.5,1965.2,1965.4
202008290335,1965.1,1965.5,1965,1965.3,1965.5,1965.9,1965.4,1965.7
202008290336,1965.3,1966.2,1965.3,1965.9,1965.7,1966.6,1965.7,1966.3
202008290337,1965.9,1966,1965.8,1965.8,1966.3,1966.4,1966.2,1966.2
202008290338,1965.8,1966,1965.7,1965.9,1966.2,1966.4,1966.1,1966.3
202008290339,1965.9,1966.2,1965.8,1966,1966.3,1966.6,1966.2,1966.4
202008290340,1966,1966,1964.9,1965,1966.4,1966.4,1965.3,1965.4
202008290341,1965,1965.6,1964.9,1965.3,1965.4,1966,1965.3,1965.8
202008290342,1965.3,1965.6,1965.3,1965.4,1965.7,1966,1965.7,1965.8
202008290343,1965.4,1965.5,1964.8,1964.9,1965.8,1965.9,1965.2,1965.3
202008290344,1964.9,1965.1,1964.4,1964.5,1965.3,1965.5,1964.8,1964.9
202008290345,1964.5,1964.7,1964.3,1964.4,1964.9,1965.1,1964.7,1964.8
202008290346,1964.4,1964.8,1964.4,1964.8,1964.8,1965.2,1964.8,1965.2
202008290347,1964.8,1965.5,1964.8,1965.4,1965.2,1965.9,1965.2,1965.8
202008290348,1965.4,1965.9,1965.2,1965.9,1965.8,1966.3,1965.6,1966.3
202008290349,1966,1966.7,1965.8,1966.6,1966.4,1967.1,1966.2,1967
202008290350,1966.6,1966.6,1966.1,1966.3,1967,1967,1966.5,1966.7
202008290351,1966.3,1966.3,1966,1966.1,1966.7,1966.7,1966.4,1966.5
202008290352,1966.1,1966.3,1965.9,1966.1,1966.5,1966.7,1966.3,1966.5
202008290353,1966.1,1966.1,1965.6,1965.9,1966.5,1966.5,1966,1966.3
202008290354,1965.9,1965.9,1965.6,1965.9,1966.3,1966.3,1966,1966.3
202008290355,1965.8,1966.4,1965.8,1966.3,1966.2,1966.8,1966.2,1966.7
202008290356,1966.3,1966.8,1965.8,1966.8,1966.7,1967.2,1966.2,1967.2
202008290357,1966.8,1966.8,1966.4,1966.7,1967.2,1967.2,1966.8,1967.1
202008290358,1966.6,1966.7,1965.8,1966.5,1967,1967.2,1966.2,1966.9
202008290359,1966.5,1967,1966.5,1966.9,1966.9,1967.4,1966.9,1967.3
202008290400,1966.9,1967.2,1966.1,1966.1,1967.3,1967.6,1966.5,1966.5
202008290401,1966.1,1966.4,1965.6,1965.8,1966.5,1966.8,1966,1966.2
202008290402,1965.8,1965.9,1965.6,1965.7,1966.2,1966.3,1966,1966.1
202008290403,1965.7,1966,1965.4,1965.5,1966.1,1966.4,1965.8,1965.9
202008290404,1965.5,1965.5,1965.1,1965.1,1965.9,1965.9,1965.5,1965.5
202008290405,1965.1,1965.2,1964.8,1965,1965.5,1965.6,1965.2,1965.4
202008290406,1965,1965.1,1964.3,1964.4,1965.4,1965.5,1964.7,1964.8
202008290407,1964.4,1964.6,1963.8,1964,1964.8,1965,1964.2,1964.4
202008290408,1963.9,1964.1,1963.4,1963.7,1964.3,1964.5,1963.9,1964.1
202008290409,1963.7,1963.7,1963.5,1963.6,1964.1,1964.1,1963.9,1964
202008290410,1963.6,1963.9,1963.5,1963.9,1964,1964.3,1963.9,1964.3
202008290411,1964,1964,1963.6,1964,1964.4,1964.4,1964,1964.4
202008290412,1964,1964.1,1963.8,1964.1,1964.4,1964.5,1964.2,1964.5
202008290413,1964.1,1964.6,1964,1964.5,1964.5,1965,1964.4,1964.9
202008290414,1964.5,1965.2,1964.5,1965.1,1964.9,1965.6,1964.9,1965.5
202008290415,1965.1,1965.1,1964.4,1964.9,1965.5,1965.5,1964.8,1965.3
202008290416,1964.9,1965.1,1964.1,1964.1,1965.3,1965.6,1964.5,1964.5
202008290417,1964.1,1965.1,1964.1,1964.6,1964.6,1965.5,1964.6,1965
202008290418,1964.6,1965,1964.6,1964.9,1965,1965.4,1965,1965.3
202008290419,1964.9,1965.1,1964.8,1965,1965.3,1965.5,1965.2,1965.4
202008290420,1965,1965.2,1964.8,1964.9,1965.4,1965.6,1965.2,1965.3
202008290421,1964.9,1965,1964.6,1964.9,1965.3,1965.4,1965,1965.3
202008290422,1964.9,1964.9,1964.6,1964.6,1965.3,1965.3,1965,1965
202008290423,1964.6,1964.7,1964,1964.4,1965,1965.1,1964.4,1964.9
202008290424,1964.4,1965.2,1964.2,1965.1,1964.8,1965.6,1964.6,1965.6
202008290425,1965.2,1965.4,1964.7,1964.9,1965.6,1965.8,1965.1,1965.3
202008290426,1964.9,1965,1964.8,1964.8,1965.3,1965.4,1965.2,1965.2
202008290427,1964.8,1965.1,1964.5,1964.8,1965.2,1965.5,1964.9,1965.2
202008290428,1964.9,1965,1964.7,1964.9,1965.3,1965.4,1965.2,1965.3
202008290429,1964.9,1965.1,1964.8,1965,1965.3,1965.5,1965.2,1965.5
202008290430,1965.1,1965.3,1964.9,1965.1,1965.5,1965.7,1965.3,1965.5
202008290431,1965,1965.1,1964.9,1964.9,1965.5,1965.5,1965.3,1965.3
202008290432,1964.9,1964.9,1964.5,1964.8,1965.3,1965.3,1964.9,1965.2
202008290433,1964.8,1965.3,1964.8,1965.2,1965.2,1965.7,1965.2,1965.7
202008290434,1965.2,1965.6,1965.2,1965.5,1965.7,1966,1965.7,1965.9
202008290435,1965.5,1965.7,1965.4,1965.5,1965.9,1966.1,1965.8,1965.9
202008290436,1965.5,1965.6,1965.3,1965.4,1965.9,1966,1965.7,1965.8
202008290437,1965.4,1965.7,1965.2,1965.3,1965.8,1966.1,1965.6,1965.7
202008290438,1965.3,1965.6,1965.2,1965.6,1965.7,1966,1965.6,1966
202008290439,1965.6,1965.8,1965.4,1965.4,1966,1966.2,1965.8,1965.8
202008290440,1965.4,1965.8,1965.3,1965.8,1965.8,1966.2,1965.7,1966.2
202008290441,1965.8,1966.1,1965.7,1966.1,1966.2,1966.5,1966.1,1966.5
202008290442,1966.1,1966.1,1965.7,1965.8,1966.5,1966.5,1966.1,1966.2
202008290443,1965.8,1966.2,1965.7,1966.1,1966.2,1966.6,1966.1,1966.5
202008290444,1966.1,1966.2,1966,1966.1,1966.5,1966.6,1966.5,1966.5
202008290445,1966.1,1966.2,1965.6,1965.6,1966.5,1966.6,1966.1,1966.1
202008290446,1965.6,1965.7,1964.4,1964.6,1966.1,1966.2,1964.9,1965
202008290447,1964.6,1964.8,1964.5,1964.7,1965,1965.2,1964.9,1965.1
202008290448,1964.7,1964.7,1964,1964,1965.1,1965.1,1964.4,1964.5
202008290449,1964,1964.2,1963.9,1964,1964.5,1964.6,1964.3,1964.4
202008290450,1964,1964.7,1964,1964.4,1964.4,1965.1,1964.4,1964.8
202008290451,1964.4,1964.6,1963.8,1964.6,1964.8,1965,1964.2,1965
202008290452,1964.6,1964.8,1964.4,1964.7,1965,1965.3,1964.8,1965.1
202008290453,1964.7,1965,1964.6,1965,1965.1,1965.4,1965,1965.4
202008290454,1965,1965,1964.5,1964.7,1965.4,1965.4,1964.9,1965.1
202008290455,1964.7,1965,1964.5,1964.8,1965.1,1965.4,1964.9,1965.2
202008290456,1964.8,1964.8,1964.5,1964.7,1965.2,1965.2,1964.9,1965.1
202008290457,1964.7,1964.9,1964.5,1964.5,1965.2,1965.3,1964.9,1964.9
202008290458,1964.5,1964.5,1964.2,1964.3,1964.9,1964.9,1964.6,1964.7
202008290459,1964.3,1964.3,1963,1963.3,1964.7,1964.7,1963.4,1963.7
202008290500,1963.2,1963.3,1962.4,1963.1,1963.6,1963.8,1962.9,1963.7
202008290501,1963.2,1963.7,1963.2,1963.6,1963.7,1964.1,1963.7,1964
202008290502,1963.5,1963.8,1963.5,1963.8,1964,1964.2,1963.9,1964.2
202008290503,1963.8,1964.2,1963.7,1964.2,1964.2,1964.6,1964.1,1964.6
202008290504,1964.2,1964.2,1964,1964.1,1964.6,1964.6,1964.4,1964.5
202008290505,1964,1964.1,1963.9,1963.9,1964.4,1964.5,1964.3,1964.3
202008290506,1963.9,1963.9,1963.8,1963.9,1964.3,1964.3,1964.2,1964.3
202008290507,1963.9,1964.1,1963.9,1964.1,1964.3,1964.5,1964.3,1964.5
202008290508,1964,1964,1964,1964,1964.4,1964.4,1964.4,1964.4
202008290509,1964,1964,1963.9,1963.9,1964.4,1964.4,1964.3,1964.4
202008290510,1963.9,1964,1963.6,1963.7,1964.4,1964.4,1964.1,1964.1
202008290511,1963.7,1964.4,1963.7,1964.2,1964.1,1964.8,1964.1,1964.6
202008290512,1964.2,1964.4,1964.2,1964.3,1964.6,1964.8,1964.6,1964.7
202008290513,1964.3,1964.4,1964.3,1964.3,1964.7,1964.8,1964.7,1964.7
202008290514,1964.3,1964.5,1964.2,1964.4,1964.7,1965,1964.6,1964.9
202008290515,1964.5,1964.6,1964.4,1964.4,1965,1965,1964.8,1964.8
202008290516,1964.4,1964.6,1964.4,1964.5,1964.8,1965,1964.8,1964.9
202008290517,1964.5,1964.5,1964,1964.1,1964.9,1964.9,1964.4,1964.5
202008290518,1964.1,1964.2,1964.1,1964.2,1964.5,1964.6,1964.5,1964.6
202008290519,1964.3,1964.5,1964.2,1964.4,1964.7,1964.9,1964.6,1964.8
202008290520,1964.4,1964.7,1964.4,1964.6,1964.8,1965.1,1964.8,1965
202008290521,1964.6,1964.7,1964.5,1964.5,1965,1965.1,1964.9,1964.9
202008290522,1964.5,1964.5,1964.2,1964.2,1964.9,1964.9,1964.6,1964.6
202008290523,1964.2,1964.2,1964.1,1964.1,1964.6,1964.6,1964.5,1964.5
202008290524,1964.1,1964.1,1964,1964.1,1964.5,1964.5,1964.4,1964.5
202008290525,1964.1,1964.8,1964.1,1964.3,1964.5,1965.2,1964.5,1964.7
202008290526,1964.3,1964.7,1964.2,1964.3,1964.7,1965.1,1964.6,1964.7
202008290527,1964.3,1964.6,1964.3,1964.5,1964.7,1965,1964.7,1964.9
202008290528,1964.5,1964.6,1964.5,1964.6,1964.9,1965,1964.9,1965
202008290529,1964.6,1964.7,1964.5,1964.6,1965,1965.1,1964.9,1965
202008290530,1964.6,1965.1,1964.6,1964.8,1965,1965.5,1965,1965.2
202008290531,1964.8,1964.8,1964.4,1964.4,1965.2,1965.2,1964.8,1964.8
202008290532,1964.4,1964.4,1963.9,1963.9,1964.8,1964.8,1964.3,1964.3
202008290533,1964,1964,1963.4,1963.9,1964.4,1964.4,1963.8,1964.3
202008290534,1963.9,1964.3,1963.9,1964.1,1964.3,1964.7,1964.3,1964.5
202008290535,1964.1,1964.1,1963.8,1963.8,1964.5,1964.5,1964.2,1964.2
202008290536,1963.8,1963.9,1963.7,1963.9,1964.2,1964.3,1964.1,1964.3
202008290537,1963.9,1964,1963.8,1963.8,1964.3,1964.4,1964.2,1964.2
202008290538,1963.8,1963.9,1963.6,1963.8,1964.2,1964.4,1964,1964.3
202008290539,1963.8,1964,1963.8,1963.8,1964.3,1964.5,1964.3,1964.4
202008290540,1963.8,1964,1963.6,1963.7,1964.4,1964.5,1964.1,1964.1
202008290541,1963.7,1963.8,1963.7,1963.8,1964.1,1964.2,1964.1,1964.2
202008290542,1963.8,1964.1,1963.8,1964,1964.2,1964.6,1964.2,1964.5
202008290543,1964,1964,1963.9,1963.9,1964.5,1964.5,1964.3,1964.4
202008290544,1963.9,1964,1963.9,1964,1964.4,1964.5,1964.4,1964.5
202008290545,1964,1964.1,1963.9,1964.1,1964.5,1964.6,1964.5,1964.5
202008290546,1964.1,1964.3,1964,1964.2,1964.6,1964.9,1964.5,1964.7
202008290547,1964.1,1964.3,1964.1,1964.2,1964.7,1964.8,1964.6,1964.7
202008290548,1964.2,1964.3,1964.1,1964.2,1964.7,1964.8,1964.6,1964.7
202008290549,1964.2,1964.2,1963.6,1963.8,1964.7,1964.7,1964.1,1964.3
202008290550,1963.7,1964.1,1963.4,1963.6,1964.4,1964.7,1964.2,1964.3
202008290551,1963.6,1963.8,1963.5,1963.7,1964.3,1964.6,1964.3,1964.6
202008290552,1963.7,1964.3,1963.7,1964.1,1964.6,1965.2,1964.6,1965.1
202008290553,1964.1,1964.3,1963.8,1964.2,1965.1,1965.2,1964.9,1965.1
202008290554,1964.2,1964.2,1963.9,1964.1,1965.1,1965.3,1965,1965.2
202008290555,1964.1,1964.1,1963.3,1963.6,1965.2,1965.3,1964.5,1964.7
202008290556,1963.5,1964,1963.4,1963.8,1964.7,1965.2,1964.5,1965
202008290557,1963.8,1963.8,1963.5,1963.6,1965,1965,1964.6,1964.7
202008290558,1963.6,1964.2,1963.5,1964.1,1964.7,1965.3,1964.6,1965.3
202008290559,1964.3,1964.9,1963.5,1964.9,1965.3,1966,1965,1966
